  5 C-HiZ_z1_111           149.918570   2.113262  20.7365 -23.7000  21.3557 -22.30   1.27359068271507e+10 0.000000 I  1  12.342636  4.302413 1.290724 0.0 0.519567 60.69755 17.13951 0 0.849777   4.19181280801896e-17   2.19770666925286e+41  5.025137 102.1807 0 0  44.000000  99.09559  120.57440 107.11228  129.02429   14.73692   34.31545 1 RT    660.59  252.34   315.16    0.00   79.261   39.630   53.288   26.644 M    0.79357    0.23807    2.48378    1.75126    1.64652
  6 C-HiZ_z1_112           149.920270   2.283297  23.3769  23.4222  23.0417 -19.67   1.12987446361329e+09 0.000000 I  1   4.304543  1.430238 0.429071 0.0 0.564940 57.36751 16.47350 0 0.853915   6.98248000662980e-17   3.70489408911325e+41  8.471376  49.8490 0 0  13.000000   7.61689    9.99538   7.71806   10.08156    2.35437    3.51226 0 DN     17.16    7.76     9.39    0.00   33.149   12.855   32.822   12.728 O    0.41143    0.12343    0.05135    0.10000    0.10000
 11 C-HiZ_z1_186           150.134450   2.272835  23.6707  23.6854  23.3410 -18.85   5.30921497170289e+08 1.098000 H  1  12.203964  1.248902 0.374671 0.0 0.503372 61.87087 17.37417 0 0.844478   1.22910795487215e-16   6.34547332273433e+41 14.509157  57.3057 0 0 -47.000000  30.62598   39.07843  37.65401   47.96045    5.77890   12.54757 0 RT     71.28   27.42    33.76   75.27   45.883    3.371   44.626    3.278 O    0.29590    0.10000    0.21337    0.10674    0.09454
 13 C-HiZ_z1_195           150.144360   2.241574  22.0825  22.9250  22.2903 -21.08   4.14028407928057e+09 1.034000 H  1  15.164093  2.129356 0.638807 0.0 0.763413 41.24117 13.24823 0 0.845449   6.52211617818506e-17   3.37669980116172e+41  7.720948  67.0007 0 0  17.000000  58.02264   96.03941  66.41129  109.20413   21.06922   44.25051 0 RT+   276.72  117.45   166.02  289.80   22.287    4.769   21.519    4.604 O    0.50433    0.15130    0.46209    0.28723    0.23535
 14 C-HiZ_z1_215           150.197250   2.286323  21.3050  22.3100  21.6052 -21.71   7.39656041068002e+09 0.946000 H  1  17.846863  3.173841 0.952152 0.0 0.992840  7.00246  7.00246 0 0.844147   6.75673753045643e-17   3.48491090824339e+41  7.968377  56.2761 0 0 -89.000000  51.95876  461.37024  56.50507  497.87891  247.07674 1000.00000 0 RT   1880.42 1297.62  4544.33 1948.24   11.598    3.044   11.317    2.971 O    0.57267    0.17180    1.28533    2.65895    0.90118
 15 C-HiZ_z1_224           150.218130   2.115397  22.6162  24.2090  23.0445 -20.81   3.22871681789997e+09 0.000000 I  1 -22.537926  2.704621 0.811386 0.0 0.617630 53.38737 15.67747 0 1.013720   1.07790429274946e-17   8.73598126651894e+40  1.997514  57.0140 0 0 -48.000000  28.35404   37.96407  30.53941   40.53677    6.03942   12.81663 0 RT    130.47   52.00    67.67    0.00   46.160   23.080   40.256   20.128 M    0.73416    0.22025    0.93385    0.67752    0.62547
 16 C-HiZ_z1_230           150.227430   2.258781  23.2794  23.6751  23.3161 -19.64   1.09908155215813e+09 0.000000 I  1 -35.018616  1.319963 0.395989 0.0 0.463067 64.76946 17.95389 0 0.844498   2.11470622792492e-17   1.09181435906734e+41  2.496474  50.5283 0 0 -75.000000  24.03661   30.23059  30.62445   38.50892    3.93679    9.70751 0 DN     60.49   22.81    28.21    0.00   48.226    2.683   45.998    2.559 O    0.23813    0.10000    0.63564    0.31337    0.27703
 17 C-HiZ_z1_231           150.227690   2.161029  22.9604 -23.7000  22.9655 -20.56   2.56466092158742e+09 0.000000 I  1  15.248047  0.928072 0.278422 0.0 0.698849 46.88791 14.37758 0 0.837722   6.55035607296238e-17   3.31547096255239e+41  7.580946  66.7450 0 0 -84.000000  11.21595   17.38126  12.39117   19.18350    3.78418    7.15842 0 DN     21.19    9.05    12.07    0.00   57.537    2.074   55.488    2.000 O    0.26549    0.10000    0.14856    0.08355    0.06903
 18 C-HiZ_z1_235           150.233940   2.126034  21.7467  22.9272  22.1918 -21.36   5.35834184716016e+09 0.000000 I  1  57.385876  0.928106 0.278432 0.0 0.946338 19.25928  8.85186 0 0.837771   7.01922660525034e-17   3.55330310690049e+41  8.124758  96.1870 0 0  45.000000  54.85661  188.14832  50.17841  171.93279   51.67219  142.01430 0 RT    189.89   95.96   198.58    0.00   84.728   42.364   36.573   18.287 M    0.26550    0.10000    0.83524    0.87945    0.60040
 20 C-HiZ_z1_245           150.257170   1.864221  21.1948  22.6055  21.6895 -21.79   7.96215341922227e+09 0.000000 I  1 -80.825508  3.495298 1.048590 0.0 0.508119 61.52764 17.30553 0 0.833362   8.07272618886333e-17   4.03384985963945e+41  9.223545 116.6166 0 0 -76.000000 129.59167  154.13101 128.90303  151.65163   16.78821   39.54668 0 RT    630.78  240.03   298.37    0.00   65.861   32.930   52.072   26.036 M    1.00450    0.30135    1.69123    1.18917    1.12012
 21 C-HiZ_z1_246           150.259270   2.324294  22.0172 -23.7000  22.1804 -21.12   4.29566600641164e+09 0.000000 I  1 -37.866882  2.615322 0.784597 0.0 0.755502 41.96345 13.39269 0 0.842185   4.44228314065023e-17   2.27809423054015e+41  5.208946  71.5495 0 0 -41.000000  58.94221   96.55874  55.61814   90.56934   17.07600   36.11559 0 RT+   281.87  118.85   167.38    0.00   51.310   25.655   32.155   16.078 M    0.47224    0.14167    0.82842    0.63384    0.56305
 22 C-HiZ_z1_251           150.265870   2.336187  21.6813  22.5280  21.9211 -21.43   5.71518502948853e+09 0.000000 I  1  44.169468  1.142579 0.342774 0.0 0.813590 36.40065 12.28013 0 0.854378   5.50791587715710e-17   2.92640220662159e+41  6.691326  99.9284 0 0  82.000000  63.64026  122.89309  63.64838  123.00347   25.89101   55.65083 0 RT    167.24   72.94   108.04    0.00   56.738    9.648   45.066    7.663 O    0.20538    0.10000    0.92462    0.59206    0.46196
 23 C-HiZ_z1_255           150.271370   2.331806  22.5712  23.1416  22.6790 -20.32   2.05603282752000e+09 0.000000 I  1  75.338333  5.042352 1.512706 0.0 0.433132 66.91388 18.38278 0 0.850220   3.42389460985093e-17   1.79740467407298e+41  4.109832  53.2476 0 0 -82.000000  77.33578   88.48274  79.40246   89.88584    7.20225   20.56236 1 RT+   539.35  199.30   242.14    0.00   41.195   20.597   34.399   17.199 M    0.90776    0.27233    1.38026    0.95501    0.90806
 24 C-HiZ_z1_257           150.273210   2.273189  20.2312  21.7002  20.6442 -23.07   2.58839207173984e+10 0.000000 I  1  54.880512  1.801004 0.540301 0.0 0.813998 36.35924 12.27185 0 0.850077   1.23097638263439e-16   6.45944256240033e+41 14.769753 187.9456 0 0  68.000000  47.93595   90.56184  63.73498  120.10873   25.64006   54.39714 0 RT+   257.42  112.79   166.41    0.00   72.897   13.886   65.891   12.551 O    0.32425    0.10000    0.91134    0.58907    0.46314
 25 C-HiZ_z1_258           150.273550   1.882704  20.9243  22.3665  21.4247 -22.11   1.06912976684087e+10 0.000000 I  1  16.356491  4.604157 1.381247 0.0 0.653352 50.59384 15.11877 0 0.837601   5.51524549833112e-17   2.79055620417747e+41  6.380709 108.3456 0 0  39.000000 120.51196  160.74628 131.65508  173.78371   27.25587   57.62338 0 RT+   952.15  383.57   506.65    0.00   42.970   21.485   38.440   19.220 M    1.32101    0.39630    2.09476    1.53411    1.40677
 26 C-HiZ_z1_263           150.286370   2.175375  23.3889  23.6618  23.1803 -19.83   1.30927276260462e+09 0.000000 I  1 -80.564377  1.401950 0.420585 0.0 0.531525 59.82673 16.96535 0 0.837025   5.70378468422219e-17   2.88106485936684e+41  6.587660  62.8008 0 0 -52.000000  24.60100   32.16528  31.34244   40.93387    5.00187   11.26842 0 RT     68.29   26.32    33.09    0.00   41.491   10.043   40.073    9.700 O    0.26988    0.10000    0.30203    0.16837    0.15099
 27 C-HiZ_z1_265           150.287870   1.851194  22.9452  23.4808  23.0469 -19.67   1.12987446361329e+09 0.000000 I  1  41.708332  3.200606 0.960182 0.0 0.336975 73.93081 19.78616 0 0.783404   1.56245744311980e-17   6.70588710733972e+40  1.533326  64.8899 0 0  46.000000  58.54972   63.79856  61.18846   65.95412    3.15753   12.40349 0 RT    251.20   90.81   105.84    0.00   53.084   26.542   45.507   22.753 M    0.93913    0.28174    2.22995    1.51533    1.46005
 28 C-HiZ_z1_267           150.293370   1.885821  22.3030  22.9426  22.4336 -20.42   2.25439596109858e+09 0.000000 I  1 -86.899925  4.431997 1.329599 0.0 0.862491 31.09831 11.21966 0 0.839406   2.99127622583741e-17   1.52154952285790e+41  3.479079  41.4633 0 0  78.000000  29.70366   59.38772  39.53081   78.20140   19.53221   40.97718 0 RT    412.44  191.59   296.35    0.00   36.385   18.193   33.776   16.888 M    1.27074    0.38122    1.25666    1.05212    0.87857
 29 C-HiZ_z1_268           150.298860   2.193630  22.1909  23.1648  22.5634 -20.96   3.70706161242761e+09 0.000000 I  1 -24.296738  2.868645 0.860594 0.0 0.473268 64.03791 17.80758 0 0.835713   3.36058721447242e-17   1.69093720907009e+41  3.866390  79.2395 0 0 -11.000000  54.60065   65.85973  69.93550   83.72894    8.93470   21.94505 0 RT    285.82  108.30   135.50    0.00   73.958   36.979   50.590   25.295 M    0.55249    0.16575    1.55104    1.09136    1.02626
 30 C-HiZ_z1_273           150.301400   1.904334  21.8442  23.1739  22.3163 -21.28   4.97771980920375e+09 0.000000 I  1 -78.452179  1.584525 0.475358 0.0 0.700147 46.77932 14.35586 0 0.835105   4.63549164797214e-17   2.32824857676731e+41  5.323626  79.9182 0 0 -25.000000  39.42672   59.37769  42.75742   64.02815   10.93474   23.08047 0 DN    120.73   49.60    67.38    0.00   67.758    3.553   67.333    3.531 O    0.45506    0.13652    0.97407    0.54154    0.44458
 31 C-HiZ_z1_275           150.303450   2.288197  21.4584  22.3917  21.7317 -21.83   8.26095288168710e+09 0.000000 I  1 -73.039093  2.456358 0.736907 0.0 0.477257 63.75156 17.75031 0 0.850856   9.06886306644631e-17   4.76955909581338e+41 10.905771 105.5845 0 0 -80.000000  83.89854  102.92084  80.67122   98.43827    9.38594   24.41523 0 RT+   287.74  107.79   133.28    0.00   46.039    3.314   43.796    3.153 O    0.44211    0.13263    0.70424    0.34723    0.30752
 32 C-HiZ_z1_277           150.307030   2.048213  20.9566  22.2417  21.4004 -22.11   1.06912976684087e+10 0.000000 I  1  53.087658  4.153598 1.246079 0.0 0.810556 36.70802 12.34161 0 0.838363   3.24006971022288e-17   1.64305976709027e+41  3.756916  53.4696 0 0  36.000000  49.96388   87.96039  58.22934  101.42559   21.39984   45.56498 0 RT+   501.32  218.80   322.27    0.00   21.681    2.011   21.564    2.000 O    0.90206    0.27062    0.95801    0.58937    0.45053
 33 C-HiZ_z1_280           150.309260   2.185492  21.4464  22.3966  21.7707 -21.62   6.80817185736773e+09 0.000000 I  1  87.099174  3.328800 0.998640 0.0 0.836763 33.97677 11.79535 0 0.837046   5.70581327989497e-17   2.88227531621270e+41  6.590428  60.6180 0 0  69.000000  52.29603  100.55340  54.94478  104.73117   23.13753   50.33757 0 RT+   414.87  183.93   279.72    0.00   44.435   22.217   32.620   16.310 M    0.64079    0.19224    0.91096    0.73862    0.62798
 34 C-HiZ_z1_285           150.313170   1.915621  21.9967 -23.7000  22.4946 -21.26   4.88686412189403e+09 0.000000 I  1  -7.012520  1.582058 0.474617 0.0 0.372198 71.31472 19.26294 0 0.833804   5.12438470682834e-17   2.56394196806043e+41  5.862547  99.5271 0 0   2.000000  80.10906   92.80936  90.70157  104.48447    5.85430   22.58382 0 RT+   196.71   71.44    86.55    0.00   29.711    6.746   28.405    6.449 O    0.45458    0.13637    0.62551    0.32782    0.30069
 35 C-HiZ_z1_289           150.323640   2.044072  20.9166  22.2564  21.3733 -22.17   1.12987450238063e+10 0.000000 I  1  32.529358  3.717569 1.115271 0.0 0.705949 46.29177 14.25836 0 0.842692   7.87543808293412e-17   4.04468021153875e+41  9.248309  78.4438 0 0  39.000000  83.17791  121.93375  95.18956  138.13011   24.52219   50.31237 0 RT+   611.07  253.49   343.14    0.00   22.001    2.017   21.821    2.000 O    0.80604    0.24181    0.66154    0.37120    0.30582
 36 C-HiZ_z1_290           150.325090   2.189153  23.4336  23.6739  23.1836 -19.48   9.48483932974736e+08 0.000000 I  1   8.293274  2.233145 0.669944 0.0 0.526778 60.17296 17.03459 0 0.836988   5.62560665476058e-17   2.84126725329412e+41  6.496662  53.6108 0 0  79.000000   6.59198    8.36862   4.92061    6.21472    2.11439    2.60573 0 DN     16.52    8.91    10.13    0.00   42.948    4.518   42.607    4.482 O    0.42989    0.12897    0.06012    0.10000    0.10000
 38 C-HiZ_z1_294           150.328790   2.004896  21.0462  23.2279  21.8422 -22.32   1.29726904862480e+10 0.000000 I  1  82.541512  0.929221 0.278766 0.0 0.850760 32.43838 11.48768 0 0.838768   2.75175920042295e-17   1.39709746209118e+41  3.194515  95.3733 0 0 -62.000000  40.38764   86.30337  54.79550  117.18472   26.65253   58.64133 0 RT    129.58   58.05    89.97    0.00   89.763   44.882   31.704   15.852 M    0.20177    0.10000    0.96179    0.79126    0.66505
 39 C-HiZ_z1_297           150.331280   2.047009  20.4653  23.0159  21.4946 -22.91   2.23372714014147e+10 0.000000 I  1  -3.834167  3.708441 1.112532 0.0 0.816351 36.11910 12.22382 0 0.840623   1.02593084202726e-16   5.23718149600077e+41 11.975007 117.9071 0 0  47.000000  70.89375  127.44545  70.01735  124.59631   26.36992   56.79475 0 RT    549.85  240.23   357.06    0.00   95.761   47.881   76.992   38.496 M    0.80469    0.24141    1.74877    1.39264    1.20042
 41 C-HiZ_z1_307           150.347480   2.133901  20.7465  22.7762  21.5165 -22.36   1.34595463659968e+10 0.000000 I  1  52.058956  3.846081 1.153824 0.0 0.501011 62.04142 17.40828 0 0.850864   1.33365040317009e-17   7.01419755238607e+40  1.603822  68.8359 0 0  33.000000  46.01795   55.53762  40.55079   48.47123    5.85852   12.86044 0 DN    221.84   85.38   105.73    0.00   71.751   35.875   63.460   31.730 M    0.73654    0.22096    2.39447    1.68771    1.59013
 43 C-HiZ_z1_311           150.352060   2.145032  22.4586  22.7438  22.3544 -20.48   2.38248395444243e+09 0.000000 I  1 -30.205141  1.710405 0.513121 0.0 0.536401 59.47036 16.89407 0 0.851730   8.23269513456488e-17   4.34075874185977e+41  9.925303  55.7432 0 0 -14.000000  23.14559   30.08181  23.77787   30.82408    4.03391    8.65342 0 RT     62.74   24.44    30.68    0.00   25.536   13.292   25.001   13.014 O    0.32745    0.10000    0.11530    0.08364    0.07858
 44 C-HiZ_z1_313           150.356960   1.909348  22.0983  23.7412  22.7461 -20.87   3.41216878413051e+09 0.000000 I  1 -39.918720  1.811004 0.543301 0.0 0.564883 57.37175 16.47435 0 0.854812   2.20891477773053e-17   1.17508519557214e+41  2.686875  67.8061 0 0 -68.000000  53.80026   70.91675  65.47851   85.97488   11.87915   25.04554 0 RT    185.28   72.82    92.20    0.00   62.040   31.020   33.928   16.964 M    0.38104    0.11431    1.13736    0.81324    0.75913
 45 C-HiZ_z1_314           150.360040   1.937142  20.9456  22.4843  21.4028 -22.04   1.00237573064554e+10 0.000000 I  1 -80.557205  1.768777 0.530633 0.0 0.750936 42.37595 13.47519 0 0.834880   1.84724914906069e-16   9.27196429536717e+41 21.200686 142.7108 0 0 -50.000000  84.97886  139.96799  98.67036  161.88733   30.65059   64.05565 0 RT    340.75  143.85   201.35    0.00   83.017    7.517   77.270    6.996 O    0.37494    0.11248    1.10412    0.64491    0.51840
 46 C-HiZ_z1_317           150.362980   1.943823  20.4035  22.6950  21.2483 -22.77   1.96349755265671e+10 0.000000 I  1 -85.677299  3.951944 1.185583 0.0 0.406316 68.83972 18.76794 0 0.853780   1.38198091749556e-16   7.32991973331785e+41 16.760130 112.0757 0 0 -88.000000  70.29896   79.77099  73.93694   83.04104    5.88200   18.05726 0 RT    390.53  143.25   172.19    0.00  100.069   50.035   81.099   40.550 M    0.83182    0.24955    0.99230    0.68295    0.65177
 47 C-HiZ_z1_319           150.367260   2.056611  20.7207  22.3996  21.3767 -22.37   1.35840888806634e+10 0.000000 I  1 -55.117569  7.074520 2.122356 0.0 0.337817 73.86721 19.77344 0 0.840024   3.11932184755760e-17   1.58956010357672e+41  3.634588 155.8727 0 1 -56.000000 169.67184  180.80640 146.69431  154.82635   19.80772   33.07901 0 RT   1303.43  505.87   571.27    0.00 -999.000 -999.000 -999.000 -999.000 X -999.00000 -999.00000 -999.00000 -999.00000 -999.00000
 48 C-HiZ_z1_325           150.374740   1.919405  21.8418  22.7911  22.2193 -21.14   4.37552255944983e+09 0.000000 I  1 -45.675686  0.927528 0.278258 0.0 0.887425 28.06400 10.61280 0 0.837241   3.58258109492314e-17   1.81076705856619e+41  4.140385  62.8121 0 0  65.000000  19.12343   46.64396  20.23567   49.40318   12.37415   28.16910 0 RT     54.53   25.36    41.81    0.00   40.813   10.599   38.101    9.895 O    0.19644    0.10000    0.40457    0.30516    0.22401
 49 C-HiZ_z1_331           150.387540   2.056303  20.8623  22.0105  21.2283 -22.32   1.29726904862480e+10 0.000000 I  1  15.986908  2.057836 0.617351 0.0 0.808728 36.89223 12.37845 0 0.840369   1.33635749292925e-16   6.81676875564427e+41 15.586792  85.3837 0 0  31.000000  54.87308  100.45779  63.23371  115.13142   24.20087   51.51820 0 RT    281.94  122.90   180.75    0.00   31.442   14.478   29.978   13.804 O    0.44657    0.13397    0.40494    0.31069    0.26634
 50 C-HiZ_z1_334           150.390170   1.914446  21.8435  21.7536  21.5824 -21.34   5.26053886707597e+09 0.000000 I  1 -11.280173  1.412539 0.423762 0.0 0.781930 39.51056 12.90211 0 0.843359   3.41827925504427e-16   1.75898562350351e+42 40.219852  97.3362 0 0  17.000000  23.35802   41.29230  31.69194   55.92081   11.20318   23.79234 0 DN     94.00   40.35    58.23    0.00   80.556   14.958   78.405   14.559 O    0.29847    0.10000    0.22244    0.13925    0.11145
 51 C-HiZ_z1_340           150.401320   1.934495  20.8100  23.0204  21.6389 -22.62   1.71013547466145e+10 0.000000 I  1  50.981548  2.229260 0.668778 0.0 0.700398 46.75832 14.35166 0 0.835544   6.37050367058311e-17   3.20383268681941e+41  7.325681 139.7897 0 0  50.000000  93.61732  140.72087 127.64888  190.71962   33.64524   69.15857 0 RT+   505.94  209.54   283.35    0.00   44.812    4.232   40.557    3.830 O    0.47244    0.14173    1.61052    0.90650    0.74927
 52 C-HiZ_z1_346           150.409890   2.083741  21.1542  23.4370  22.1087 -22.32   1.29726904862480e+10 0.000000 I  3 -52.490768  3.766564 1.129969 0.0 0.308129 76.15865 20.23173 0 0.853802   1.99813570352557e-17   1.05986237570886e+41  2.423414 115.4972 0 0 -47.000000  91.66447   94.40583 102.20993  105.26667   97.67109  129.07950 2 DN  - 471.83    0.00     0.00    0.00 -999.000 -999.000 -999.000 -999.000 X -999.00000 -999.00000 -999.00000 -999.00000 -999.00000
 53 C-HiZ_z1_60            149.809010   2.026921  20.3872  21.9105  20.9196 -22.69   1.82402335311293e+10 0.000000 I  1   1.850769  2.351826 0.705548 0.0 0.959889 16.62834  8.32567 0 0.846738   1.24015110377523e-16   6.44479057339928e+41 14.736250 100.1384 1 0  85.000000  71.37772  268.98410  73.23904  273.73273   88.08645  268.73123 0 RT    766.09  401.08   935.84    0.00 -999.000 -999.000 -999.000 -999.000 X -999.00000 -999.00000 -999.00000 -999.00000 -999.00000
 54 C-HiZ_z1_67            149.822930   1.982284  22.3466  23.1969  22.5514 -20.62   2.71038199758004e+09 0.000000 I  1  38.859894  5.162378 1.548714 0.0 0.335287 74.05863 19.81173 0 0.839779   3.70477817703350e-17   1.88654446718299e+41  4.313653  84.4265 0 0  29.000000 105.28698  112.77280 122.67945  130.04398   13.23796   24.30604 1 RT    798.89  301.18   336.03    0.00   65.951   32.975   59.292   29.646 M    1.34266    0.40280    3.35876    2.28132    2.21973
 56 C-HiZ_z1_70            149.829750   1.994837  22.5009  23.1811  22.6550 -20.06   1.61819163347251e+09 0.000000 I  1 -77.230972  1.608325 0.482497 0.0 0.466699 64.50909 17.90182 0 0.847649   9.12030385250647e-17   4.75219330946908e+41 10.866064  52.4384 0 0  43.000000  84.18525  102.95428 103.12498  125.51484   13.88210   31.01512 0 RT    240.22   91.40   111.11    0.00   27.501    4.205   24.200    3.701 O    0.41707    0.12512    0.41491    0.21190    0.19104
 57 C-HiZ_z1_74            149.833920   2.047766  22.4500  24.3552  23.1463 -20.71   2.94462369651042e+09 0.000000 I  1  76.584137  2.855774 0.856732 0.0 0.551117 58.38993 16.67799 0 0.806378   2.51123597460660e-17   1.15718114732130e+41  2.645937  67.5155 0 0 -37.000000  10.22827   12.75724   8.24928   10.18694    2.33661    3.48292 1 DN     34.62   15.56    18.74    0.00   67.633   33.817   60.172   30.086 M    0.75270    0.22581    0.29373    0.21650    0.20329
 59 C-HiZ_z1_78            149.842240   2.267644  21.4043  23.1988  21.9032 -21.89   8.73031536103068e+09 0.000000 I  1  -9.163659  0.741002 0.222301 0.0 0.952961 18.01958  8.60392 0 0.850111   1.04941980073592e-16   5.50727576949512e+41 12.592587 112.3015 0 0 -49.000000  51.47072  190.31152  60.76497  224.79567   69.64753  200.39711 0 RT    198.22  101.73   221.87    0.00   49.851   24.402   40.176   19.666 O    0.21346    0.10000    0.79654    0.87645    0.56995
 60 C-HiZ_z1_83            149.854660   2.295503  21.7344  24.9989  22.7023 -21.76   7.74515773242142e+09 0.000000 I  4  80.529411  0.679554 0.203866 0.0 0.832775 34.40420 11.88084 0 0.779616   7.58497070885978e-18   3.21683111525445e+40  0.735540  37.6364 0 0   0.000000  29.87014   52.86493  33.30653   58.94674   57.94674   67.70556 2 X   -  47.67    0.00     0.00    0.00 -999.000 -999.000 -999.000 -999.000 X -999.00000 -999.00000 -999.00000 -999.00000 -999.00000
 61 C-HiZ_z1_85            149.869170   1.972209  22.5396  23.0668  22.5770 -20.41   2.23372706349963e+09 0.000000 I  1 -19.937120  0.928178 0.278453 0.0 0.762071 41.36432 13.27286 0 0.837832   1.09946550906939e-16   5.56676050295907e+41 12.728601  73.5463 0 0  88.000000  27.28034   46.92078  36.74706   63.18291   12.14830   25.56782 0 DN     69.79   29.59    41.83    0.00   77.467    6.655   74.039    6.361 O    0.24158    0.10000    0.45092    0.26583    0.21186
 63 C-HiZ_z1_90            149.883090   2.292490  22.3774  23.5060  22.7748 -20.95   3.67308074507809e+09 0.000000 I  1  52.954876  2.561166 0.768350 0.0 0.482268 63.39149 17.67830 0 0.854809   7.19996728027411e-17   3.83015624345805e+41  8.757792 106.7675 0 0  59.000000  53.62081   63.94424  52.29325   61.76571    6.19579   15.83244 0 RT    188.25   70.86    88.40    0.00   54.877    8.007   54.246    7.915 O    0.73652    0.22096    0.65173    0.33448    0.29706
 64 C-HiZ_z1_96            149.889430   2.252155  21.9074  23.8887  22.5491 -21.29   5.02377914326200e+09 0.000000 I  1 -15.176281  0.930048 0.279015 0.0 0.620874 53.13727 15.62745 0 0.839504   8.04416761337138e-17   4.09293510545979e+41  9.358646  99.0968 0 0 -30.000000  18.37587   25.96807  18.37494   25.93883    4.18315    8.38609 0 DN     28.71   11.64    15.07    0.00   79.148    6.630   76.408    6.401 O    0.26898    0.10000    0.23818    0.12781    0.10900
 65 C-HiZ_z1_98            149.899480   2.002861  22.1288  23.1336  22.5145 -20.81   3.22871681789997e+09 0.000000 I  1  47.852589  2.822701 0.846810 0.0 0.373063 71.25142 19.25028 0 0.849309   2.69626544481606e-17   1.41169452126211e+41  3.227891  60.6974 0 0  36.000000  80.78864   90.97884  71.84087   80.13128    6.79597   16.28281 0 RT+   269.16   99.86   116.06    0.00   38.879   19.440   30.068   15.034 M    0.73153    0.21946    0.99675    0.68165    0.65634
 66 C-zcos_z1_1            150.304950   1.876348  22.3903  23.0855  22.5906 -20.42   2.25439596109858e+09 0.000000 I  1 -72.676392  4.097195 1.229159 0.0 0.792973 38.44918 12.68984 0 0.906428   2.32404895156567e-17   1.42868045673713e+41  3.266730  73.2221 0 0 -31.000000  65.75014  110.08805  84.81108  140.46101   31.22743   60.81166 0 RT    684.84  304.31   429.26    0.00   52.240    6.709   52.104    6.691 O    1.14789    0.34437    3.52157    2.17179    1.73353
 67 C-zcos_z1_1015         149.946400   2.302520  20.1924  22.3825  21.0304 -23.18   2.86437784339351e+10 0.000000 I  1 -45.938046  7.291261 2.187378 0.0 0.433048 66.91994 18.38399 0 0.888595   5.18806523835311e-17   3.03669815080207e+41  6.943521 105.5092 0 0 -55.000000 229.91249  253.36447 250.81596  274.38025   25.71124   62.53057 0 RT+  2380.69  890.40  1067.33    0.00   71.695   35.847   67.196   33.598 M    2.07240    0.62172    6.62799    4.58404    4.37237
 68 C-zcos_z1_1021         149.920850   2.306885  21.5984  22.5530  21.8976 -21.74   7.60378946420346e+09 0.000000 I  1  25.984711  3.687601 1.106280 0.0 0.481771 63.42727 17.68545 0 0.927273   5.35807456255615e-17   3.48397909274581e+41  7.966246  79.2052 0 0  15.000000  79.55087   93.23171  95.07090  110.22160   13.96561   28.06463 0 RT+   483.68  187.44   226.48    0.00   56.629    2.008   56.392    2.000 O    1.03559    0.31068    1.51238    0.74435    0.66519
 69 C-zcos_z1_13           150.146540   2.185928  21.7450  23.0657  22.1293 -21.58   6.56190809713629e+09 0.833000 H  1  58.388550  3.259006 0.977702 0.0 0.834920 34.17490 11.83498 0 0.927486   2.29074198975041e-17   1.49035357294405e+41  3.407748  72.0979 0 0  45.000000  70.92576  134.94629  68.68484  129.46791   28.48038   61.89487 0 RT    502.10  222.28   337.23  513.57   56.633   28.317   43.165   21.582 M    0.75115    0.22534    2.36534    1.91425    1.62984
 70 C-zcos_z1_1451         150.351040   1.986955  20.7809  23.1291  21.6872 -22.54   1.58865848269011e+10 0.000000 I  1  62.512489  3.296860 0.989058 0.0 0.648875 50.94900 15.18980 0 0.829026   1.04940087101330e-16   5.17680803947964e+41 11.836962 143.1913 0 0  73.000000  80.39264  110.57719  81.80914  111.47285   16.93251   36.77285 0 RT    437.34  175.00   232.06    0.00  112.979   56.490   86.426   43.213 M    0.70046    0.21014    1.68383    1.23187    1.12888
 71 C-zcos_z1_15           150.085350   2.257465  21.2668  23.1710  22.0861 -22.40   1.39646490696788e+10 1.034000 H  2 -16.321793  5.291031 3.174619 0.5 0.620000 53.00000 25.88923 1 0.924967   3.82450626281047e-17   2.47156867445966e+41  5.651332  83.6062 0 0 -11.000000 133.21594  173.22780 148.25546  190.69937   41.70772  143.51517 0 RT+  1200.71  912.48  1375.23 1257.49   55.662   27.831   46.856   23.428 M    1.22040    0.73224    3.24333    4.00123    3.24889
 72 C-zcos_z1_156          150.406860   1.952865  21.5206  22.1813  21.6791 -21.62   6.80817185736773e+09 0.000000 I  1 -52.253448  2.125523 0.637657 0.0 0.609394 54.01951 15.80390 0 0.868009   8.08876692917052e-17   4.46862132324730e+41 10.217667  81.3344 0 0 -39.000000  53.79303   73.16937  54.04113   73.12278   10.27848   22.61738 0 RT+   184.95   72.92    94.84    0.00   52.884    2.104   50.263    2.000 O    0.44512    0.13354    0.59119    0.30841    0.26188
 74 C-zcos_z1_162          150.390530   1.957027  20.1305  21.8657  20.7873 -23.52   3.91769271267577e+10 0.000000 I  1 -88.717712  5.175065 1.552519 0.0 0.754024 42.09729 13.41946 0 0.960410   1.16213288837324e-16   8.24120737359736e+41 18.843822 108.4486 0 0 -76.000000 181.79634  284.38696 187.51553  290.18149   54.21553  115.34151 0 RT+  1787.03  751.57  1059.00    0.00   63.777   31.889   40.867   20.433 M    1.05352    0.31606    1.80388    1.37899    1.22519
 75 C-zcos_z1_166          150.348050   1.941696  21.6164  22.5093  21.8205 -21.61   6.74575273961550e+09 0.000000 I  1  67.069458  2.766585 0.829975 0.0 0.676801 48.70713 14.74143 0 0.923379   6.65877751170509e-17   4.28497976494651e+41  9.797763  75.1232 0 0  76.000000  58.95647   85.31092  63.76536   91.61581   14.80061   31.65421 0 RT+   301.62  122.30   164.24    0.00   20.298    5.511   19.700    5.348 O    0.56911    0.17073    0.33492    0.20358    0.17602
 76 C-zcos_z1_172          150.330950   1.879751  22.1369  22.2641  21.8442 -20.64   2.76076807587859e+09 0.000000 I  1   8.501236  3.426241 1.027872 0.0 0.617093 53.42874 15.68575 0 0.838631   3.07940775506786e-16   1.56281789243756e+42 35.734406  49.3253 0 1 -17.000000  19.85803   25.89015  26.15495   33.73173    6.21335   11.07183 0 DN    137.53   57.62    72.78    0.00 -999.000 -999.000 -999.000 -999.000 X -999.00000 -999.00000 -999.00000 -999.00000 -999.00000
 77 C-zcos_z1_177          150.315200   1.895164  21.3338  22.4820  21.6828 -21.72   7.46500151622550e+09 0.000000 I  2 -14.903867  4.276972 2.566183 0.5 0.915652 24.22130  9.84426 0 0.839319   9.37820187544828e-17   4.76911700280984e+41 10.904760  76.6864 0 0 -17.000000  34.31485   86.52961  38.37956   95.74715   26.33948   62.48525 0 RT    487.31  382.77   514.09    0.00   66.875   33.437   61.919   30.959 M    1.22633    0.73580    1.22835    1.44377    1.24741
 78 C-zcos_z1_182          150.303410   1.911286  20.5977  22.5671  21.2819 -22.88   2.17285049919023e+10 0.000000 I  1 -71.979752  4.068415 1.220524 0.0 0.547388 58.66440 16.73288 0 0.970004   9.15641865291694e-17   6.65470103517685e+41 15.216218 155.2881 0 0 -46.000000 147.40311  180.42831 162.36197  196.58638   24.38943   54.72366 0 RT    951.76  367.69   463.52    0.00   46.799   10.097   45.154    9.742 O    1.11937    0.33581    1.41897    0.77777    0.69275
 80 C-zcos_z1_188          150.284820   1.903400  22.0221  22.7914  22.1889 -21.13   4.33540661296850e+09 0.000000 I  1 -20.067217  2.348307 0.704492 0.0 0.706886 46.21262 14.24252 0 0.880163   4.68509391358972e-17   2.67855790048610e+41  6.124621  81.4299 0 0 -15.000000  48.92962   72.83012  50.67179   74.76983   12.88104   27.24829 0 RT+   208.94   86.02   117.37    0.00   45.301    2.035   44.528    2.000 O    0.66355    0.19906    0.80555    0.44875    0.36667
 81 C-zcos_z1_189          150.280940   1.944120  20.9505  22.4664  21.4594 -22.46   1.47580783997308e+10 0.000000 I  1   8.436066  4.340549 1.302165 0.0 0.654644 50.49105 15.09821 0 0.937734   1.13983050111584e-16   7.61973577893556e+41 17.422806 120.8873 0 0  39.000000 160.66545  216.53006 169.27080  225.65446   34.52320   74.96723 0 RT   1165.56  467.09   620.87    0.00   55.965    9.255   54.478    9.009 O    1.20476    0.36143    1.83411    1.02795    0.87415
 83 C-zcos_z1_191          150.270690   1.930088  22.4819  22.8758  22.4501 -20.39   2.19295602467150e+09 0.000000 I  1  21.043343  3.040985 0.912296 0.0 0.661018 49.98210 14.99642 0 0.833064   5.12977622760553e-17   2.56103509181629e+41  5.855901  53.8201 0 0  69.000000  31.43857   43.26812  31.06253   42.30162    6.84841   14.34015 0 DN    153.08   62.10    82.46    0.00   55.535   31.993   55.527   31.988 O    0.87403    0.26221    0.65558    0.51754    0.47929
 84 C-zcos_z1_192          150.264350   1.900130  21.1547  22.2828  21.4526 -22.01   9.75057592115481e+09 0.000000 I  1 -27.448486  3.535775 1.060733 0.0 0.842032 33.40481 11.68096 0 0.914106   1.29949686582368e-16   8.15657435819522e+41 18.650307  79.7026 0 0 -19.000000  97.69339  186.39070 108.16969  204.17424   45.77503   99.54252 0 RT+   859.08  382.87   585.21    0.00   50.715    2.039   49.745    2.000 O    0.98825    0.29648    1.32198    0.85142    0.63036
 86 C-zcos_z1_197          150.246010   1.854097  21.8308  22.7236  22.0524 -21.04   3.99052960481999e+09 0.000000 I  1  64.436478  3.603301 1.080990 0.0 0.768531 40.76863 13.15373 0 0.837416   3.84153405649448e-17   1.94264798684094e+41  4.441936  61.6068 0 0  24.000000  75.98693  121.48391  89.72220  141.88666   28.45235   58.23398 0 RT    608.40  261.25   368.06    0.00   43.067   21.533   37.440   18.720 M    1.03392    0.31018    1.94246    1.49815    1.32687
 87 C-zcos_z1_198          150.238880   1.908625  21.0509  22.9624  21.7145 -22.42   1.42242772806578e+10 0.000000 I  1  70.016403  5.584179 1.675254 0.0 0.409293 68.62540 18.72508 0 0.959130   7.14057695830034e-17   5.04703989232054e+41 11.540241  92.9230 0 0  62.000000 176.40712  194.70711 187.19040  204.51793   14.00696   44.67151 0 RT+  1359.06  497.67   600.16    0.00   61.967   30.983   51.116   25.558 M    1.54082    0.46225    2.33204    1.60574    1.53116
 88 C-zcos_z1_2            150.308030   1.916526  20.7312  22.7547  21.5164 -22.65   1.75804516409271e+10 0.000000 I  1 -78.411606  6.193996 1.858199 0.0 0.565904 57.29593 16.45919 0 0.896928   5.07473175506862e-17   3.03955963796303e+41  6.950065 150.6658 0 1  46.000000 160.95909  195.16841 164.48212  197.65309   24.49876   57.16804 1 RT   1456.87  562.75   722.46    0.00 -999.000 -999.000 -999.000 -999.000 X -999.00000 -999.00000 -999.00000 -999.00000 -999.00000
 89 C-zcos_z1_200          150.234470   1.906586  22.0160  22.8667  22.1473 -21.15   4.41600970275437e+09 0.000000 I  1  65.966949  3.176221 0.952866 0.0 0.780330 39.66248 12.93250 0 0.955679   8.10112278022538e-17   5.67519701499287e+41 12.976546  46.9035 0 0  17.000000  26.45904   43.94215  29.15302   47.92751    9.62810   20.18277 0 RT    181.15   77.83   111.46    0.00   40.155   20.078   35.845   17.922 M    0.87721    0.26316    0.27672    0.21502    0.18906
 90 C-zcos_z1_202          150.222380   1.878001  20.3227  21.5817  20.7223 -22.73   1.89247433223092e+10 0.000000 I  1  20.153044  3.161079 0.948324 0.0 0.619397 53.25123 15.65025 0 0.840891   3.50628594867109e-16   1.79129786502247e+42 40.958683 102.8257 0 0  10.000000 114.77325  150.71284 124.59763  161.87924   22.93807   50.74165 0 RT+   608.94  240.42   314.41    0.00   44.912    7.106   43.979    6.958 O    0.90583    0.27175    0.50352    0.27564    0.23698
 91 C-zcos_z1_31           150.335790   2.054123  20.2982  22.9572  21.4513 -23.17   2.83811647079021e+10 0.000000 I  4  -5.377899  6.227606 1.868282 0.0 0.279332 78.52008 20.70402 0 0.836220   3.87544582934195e-17   1.95291224268206e+41  4.465405 108.0765 0 0   0.000000  85.77503   87.52603  95.64295   97.59539   96.59539  136.64711 2 X   - 723.26    0.00     0.00    0.00 -999.000 -999.000 -999.000 -999.000 X -999.00000 -999.00000 -999.00000 -999.00000 -999.00000
 92 C-zcos_z1_322          150.410560   2.079824  20.4227  22.5729  21.1680 -23.27   3.11193392597451e+10 0.000000 I  1  60.927498  2.776572 0.832972 0.0 0.653228 50.60370 15.12074 0 0.961797   4.76502888629393e-17   3.39116386184086e+41  7.754020 198.1805 0 0  63.000000 175.99869  247.78928 197.82558  276.57544   42.28835   91.65465 0 RT+   913.84  366.17   486.11    0.00  111.410   55.705   41.707   20.854 M    0.57966    0.17390    2.53375    1.85539    1.69927
 94 C-zcos_z1_327          150.395630   1.983916  20.7005  22.8686  21.4817 -22.86   2.13319435554679e+10 0.000000 I  1 -21.010166  6.292445 1.887734 0.0 0.496047 62.39964 17.47993 0 1.041979   2.72936507912530e-17   2.36770157177199e+41  5.413836 148.2259 0 0  -6.000000 204.28127  240.18253 216.46428  251.74290   25.20157   64.28197 0 RT+  1885.05  709.44   883.73    0.00  105.896   52.948   74.028   37.014 M    1.25658    0.37697    7.51307    5.26774    4.96330
 95 C-zcos_z1_331          150.389410   1.984205  20.3609  23.1322  21.4602 -23.11   2.68553259170812e+10 0.000000 I  1  85.377792  4.016511 1.204954 0.0 0.397227 69.49548 18.89910 0 0.828850   3.15084292134338e-17   1.55353134217829e+41  3.552206 160.3324 0 0 -90.000000 186.09296  209.66801 204.41141  227.90616   15.44355   48.39874 0 RT+  1089.31  398.68   476.46    0.00   89.336   44.668   52.423   26.211 M    0.85341    0.25602    5.36904    3.68669    3.52477
 96 C-zcos_z1_332          150.387730   1.963445  20.6329  22.5088  21.2753 -22.92   2.25439603844959e+10 0.000000 I  4  -1.333298  4.441743 1.332523 0.0 0.654342 50.51508 15.10302 0 0.959597   1.19737953996712e-17   8.47341020353246e+40  1.937476  66.4006 0 0   0.000000  52.69890   68.28122  58.76160   76.13659   75.13659   96.17539 2 X   - 402.43    0.00     0.00    0.00 -999.000 -999.000 -999.000 -999.000 X -999.00000 -999.00000 -999.00000 -999.00000 -999.00000
 97 C-zcos_z1_337          150.379700   2.014664  20.3319  22.3124  20.9945 -22.89   2.19295609991444e+10 0.000000 I  1  49.332699  3.076048 0.922815 0.0 0.692999 47.37527 14.47505 0 0.842670   3.21557479291243e-17   1.65135371782053e+41  3.775881 185.8166 1 0  42.000000  45.02848   65.71797  44.90777   64.96905   10.93600   23.12663 0 DN    237.82   97.35   131.74    0.00 -999.000 -999.000 -999.000 -999.000 X -999.00000 -999.00000 -999.00000 -999.00000 -999.00000
 99 C-zcos_z1_345          150.370100   2.042303  20.0687  22.0867  20.7440 -23.62   4.29566615380107e+10 0.000000 I  1  42.839127  2.385393 0.715618 0.0 0.749661 42.49063 13.49813 0 0.974134   7.21393096953538e-17   5.29828685274361e+41 12.114727 204.2043 1 0  68.000000  93.84000  152.68040 113.86129  184.24355   34.47348   72.61330 0 RT    523.00  220.05   308.26    0.00 -999.000 -999.000 -999.000 -999.000 X -999.00000 -999.00000 -999.00000 -999.00000 -999.00000
101 C-zcos_z1_351          150.359270   2.096201  21.6333  22.3667  21.8421 -21.16   4.45687147760308e+09 0.000000 I  1  12.433453  2.344277 0.703283 0.0 0.747675 42.66876 13.53375 0 0.812051   1.01424380585261e-16   4.75495766161863e+41 10.872385  38.6171 0 0 -89.000000   5.66010    9.08604   5.71785    9.11468    2.61254    4.09524 0 DN     25.43   12.55    16.35    0.00   22.740    3.506   22.664    3.494 O    0.51445    0.15434    0.10000    0.10000    0.10000
103 C-zcos_z1_354          150.344240   1.966130  22.0403  22.7504  22.1904 -20.88   3.44373586987538e+09 0.000000 I  1  69.700432  2.053858 0.616157 0.0 0.808015 36.96382 12.39276 0 0.838742   8.31592590562881e-17   4.22175435918147e+41  9.653196  59.6044 0 0  89.000000  39.28511   71.91135  43.24853   78.75275   16.46529   35.18682 0 RT+   192.48   83.76   123.27    0.00   32.952    5.155   32.700    5.116 O    0.43473    0.13042    0.42509    0.26902    0.21023
104 C-zcos_z1_356          150.341890   1.983266  20.9915  22.1848  21.2756 -22.51   1.54536215060599e+10 0.000000 I  1  26.011368  2.482924 0.744877 0.0 0.890809 27.62914 10.52583 0 0.970478   2.18785219731357e-16   1.59200941975962e+42 36.401878  45.0837 0 0  35.000000  29.81645   70.58238  33.13992   78.00784   19.55353   45.04379 0 RT    230.49  107.23   178.48    0.00   35.441   11.107   35.214   11.036 O    0.50413    0.15124    0.19058    0.14861    0.11071
105 C-zcos_z1_361          150.329830   2.084971  20.3638  22.3256  21.0364 -22.89   2.19295609991444e+10 0.000000 I  4  32.280800  5.337493 1.601248 0.0 0.555607 58.05861 16.61172 0 0.797939   2.42834121040008e-17   1.09039819382152e+41  2.493235 219.2321 0 0   0.000000 173.99371  205.03868 194.01068  228.62720  227.62720  299.85086 2 X   -1452.15    0.00     0.00    0.00 -999.000 -999.000 -999.000 -999.000 X -999.00000 -999.00000 -999.00000 -999.00000 -999.00000
106 C-zcos_z1_460          149.981730   2.048476  20.7086  22.2126  21.2503 -22.60   1.67892127621344e+10 0.000000 I  1  45.780468  5.509430 1.652829 0.0 0.518221 60.79532 17.15907 0 0.896229   5.47833561279173e-17   3.27499636084778e+41  7.488399 115.3936 0 0  68.000000 188.42429  226.40092 225.83017  268.43109   34.73555   72.16780 0 RT+  1759.89  684.24   843.66    0.00   44.605    2.085   42.790    2.000 O    1.00005    0.30002    3.46954    1.73245    1.52737
107 C-zcos_z1_461          149.971160   2.049829  19.9312  21.5697  20.5793 -23.05   2.54114752007381e+10 0.000000 I  1 -22.803886  3.620092 1.086028 0.0 0.921592 23.33856  9.66771 0 0.800873   6.24117876273325e-17   2.82788947841839e+41  6.466073 107.6338 0 0  -5.000000 115.88364  312.55984 128.65285  343.76727   93.85049  232.46997 0 RT+  1480.92  714.83  1303.74    0.00   69.057   34.528   42.616   21.308 M    0.68078    0.20423    4.10486    3.85880    2.90528
108 C-zcos_z1_462          149.969440   2.063131  21.7186  22.7853  22.0580 -21.31   5.11717134018961e+09 0.000000 I  1  -2.571930  4.203460 1.261038 0.0 0.741145 43.25046 13.65009 0 0.887300   2.17994810854535e-17   1.27139474402041e+41  2.907091  59.4751 0 0 -15.000000  56.57584   87.97128  60.26219   92.80148   17.01550   35.98552 1 RT    464.20  194.22   270.83    0.00   43.714   21.857   34.004   17.002 M    0.76522    0.22957    1.66855    1.26718    1.13169
111 C-zcos_z1_471          149.943760   2.114781  20.5910  22.7500  21.4199 -22.80   2.01850521686848e+10 0.000000 I  1 -49.186680  5.888520 1.766556 0.0 0.348881 73.03678 19.60736 0 0.894797   4.42194901946821e-17   2.63307158614774e+41  6.020615 112.5112 0 0 -41.000000 119.94645  131.01054 105.39797  113.87194   12.73111   23.77314 1 RT    797.94  304.00   347.05    0.00   82.479   41.240   65.693   32.847 M    1.06936    0.32081    2.71705    1.86268    1.80003
112 C-zcos_z1_472          149.938030   2.086764  21.4346  22.4679  21.7516 -21.68   7.19499169141558e+09 0.000000 I  1  62.303726  3.236356 0.970907 0.0 0.830734 34.62124 11.92425 0 0.886578   3.37264562804361e-17   1.96305720722051e+41  4.488602  74.6114 0 0 -75.000000  54.40577  103.69724  59.83071  113.16504   24.67650   53.50011 1 RT    435.83  192.35   290.39    0.00   66.125   33.062   45.773   22.886 M    0.58931    0.17679    1.79541    1.44739    1.23603
113 C-zcos_z1_473          149.934790   2.067788  20.4523  22.4960  21.1242 -22.91   2.23372714014147e+10 0.000000 I  4  83.498337  2.158235 0.647471 0.0 0.730489 44.18733 13.83747 0 0.881361   2.02856108234563e-17   1.16366556412220e+41  2.660764 187.8273 0 0   0.000000 149.06924  213.87064 166.21881  238.47522  237.47522  290.68732 2 X   - 612.48    0.00     0.00    0.00 -999.000 -999.000 -999.000 -999.000 X -999.00000 -999.00000 -999.00000 -999.00000 -999.00000
116 C-zcos_z1_478          149.911110   2.097864  20.7906  22.5398  21.3726 -22.43   1.43558959261661e+10 0.000000 I  1 -10.662231  2.457221 0.737166 0.0 0.625754 52.75978 15.55196 0 0.884677   7.60040634798311e-17   4.40047704046315e+41 10.061852 154.0683 0 0 -22.000000 101.90174  140.95329  98.89982  136.09578   19.59714   43.50002 0 RT    397.96  157.59   207.59    0.00   51.561    2.106   48.959    2.000 O    0.44772    0.13431    1.15307    0.60906    0.51253
117 C-zcos_z1_481          149.904030   2.009161  21.6643  22.3206  21.8293 -21.51   6.15219744814651e+09 0.000000 I  1  24.783989  1.516055 0.454816 0.0 0.684475 48.07927 14.61585 0 0.848693   1.04789202448782e-16   5.47668232954859e+41 12.522635  78.0954 0 0  22.000000  74.03785  110.23267  90.51591  134.19836   22.94912   46.93269 0 RT    242.11   99.49   132.75    0.00   49.838   11.637   46.652   10.893 O    0.39299    0.11790    0.75342    0.44778    0.38429
118 C-zcos_z1_482          149.902770   2.059139  21.1394  22.2460  21.4478 -22.22   1.18312301659664e+10 0.000000 I  1 -64.950485  6.064525 1.819358 0.0 0.602281 54.56217 15.91243 0 0.952926   4.99805544193482e-17   3.47649611208227e+41  7.949136  81.8903 0 0 -80.000000 114.69840  144.75085 110.49836  138.03284   20.85301   42.22980 0 RT+   996.15  398.17   507.94    0.00   55.846   27.923   50.777   25.389 M    1.52067    0.45620    2.11394    1.52438    1.41685
119 C-zcos_z1_484          149.892800   2.021861  20.1102  21.9347  20.8007 -23.03   2.49476968086547e+10 0.000000 I  1 -86.990089  4.329810 1.298943 0.0 0.747025 42.72685 13.54537 0 0.855195   6.43769812802600e-17   3.42846825778590e+41  7.839318 172.3902 0 0  79.000000 185.60130  284.54831 189.33191  287.11929   52.91988  112.54443 0 RT+  1479.37  619.85   868.97    0.00   88.581   44.291   63.270   31.635 M    1.11969    0.33591    4.78968    3.64786    3.24983
121 C-zcos_z1_493          149.830530   2.029764  21.8432  22.3931  21.9255 -21.07   4.10232486131627e+09 0.000000 I  1  74.983231  4.303485 1.291046 0.0 0.733213 43.94929 13.78986 0 0.888067   1.13152200884478e-16   6.61337751139130e+41 15.121730  41.6794 0 0 -79.000000  29.05437   43.65294  29.28987   43.52892    8.05614   16.72155 0 RT    222.92   93.51   129.30    0.00   32.822   16.411   30.043   15.022 M    1.10030    0.33009    0.21509    0.16296    0.14599
122 C-zcos_z1_497          149.815110   1.983512  20.6458  22.3973  21.2189 -22.78   1.98166598984619e+10 0.000000 I  1  50.722099  5.693298 1.707990 0.0 0.832404 34.44370 11.88874 0 0.960000   4.88173612197838e-17   3.45820613909161e+41  7.907315  77.3173 0 0 -79.000000  77.81187  141.93739  79.40327  143.32167   31.32190   68.08388 0 RT    971.01  428.88   649.21    0.00   39.295   19.648   35.899   17.949 M    1.42486    0.42746    1.51605    1.22422    1.04395
123 C-zcos_z1_5            150.321040   2.080660  20.9815  22.8604  21.7326 -22.29   1.26191628380521e+10 0.000000 I  1 -67.180695  3.172548 0.951764 0.0 0.372526 71.29067 19.25813 0 0.869109   6.05912684888261e-17   3.35781450523804e+41  7.677766 136.0957 0 0 -71.000000 142.70381  161.53969 168.63930  189.19365   18.41938   39.37165 0 RT+   714.27  268.09   310.34    0.00  114.760   57.380   53.423   26.712 M    0.68132    0.20440    2.36733    1.62245    1.56293
124 C-zcos_z1_593          150.348240   2.182325  21.9271  22.4806  21.9812 -21.24   4.79766677539756e+09 0.000000 I  1  45.451981  3.775371 1.132611 0.0 0.361314 72.11447 19.42289 0 0.924073   5.78895929478613e-17   3.73216654117262e+41  8.533735  64.1856 0 1  38.000000 150.62782  169.79073 149.90266  167.47493    8.28147   33.33475 0 RT    752.41  272.24   322.36    0.00 -999.000 -999.000 -999.000 -999.000 X -999.00000 -999.00000 -999.00000 -999.00000 -999.00000
125 C-zcos_z1_594          150.347580   2.157299  21.6891  22.6507  21.9376 -21.48   5.98452920058775e+09 0.000000 I  1  48.927616  4.060440 1.218132 0.0 0.807268 37.03873 12.40775 0 0.898285   4.24892331515330e-17   2.55444703660527e+41  5.840837  74.1312 0 0  30.000000  58.91929  104.27177  64.54090  113.12771   23.52728   50.41370 0 RT+   546.62  237.45   349.44    0.00   60.208   30.104   46.667   23.334 M    0.76504    0.22951    1.67092    1.32097    1.14510
126 C-zcos_z1_596          150.345200   2.188464  20.2977  21.9033  20.9123 -22.78   1.98166598984619e+10 0.000000 I  1  29.392487  5.416855 1.625057 0.0 0.688634 47.73668 14.54734 0 0.836901   3.38706140268835e-17   1.71023031424768e+41  3.910504  99.1045 0 0  15.000000  79.73949  112.43050  73.24473  102.15201   17.69024   36.27641 1 RT+   658.48  271.43   364.27    0.00   50.016   25.008   43.582   21.791 M    1.04280    0.31284    2.12343    1.57837    1.43452
129 C-zcos_z1_600          150.328400   2.176574  21.2761  21.7900  21.3619 -21.78   7.88915429372312e+09 0.000000 I  1  18.262871  1.705664 0.511699 0.0 0.880983 28.87533 10.77507 0 0.849366   1.30801693598775e-16   6.84957559602293e+41 15.661805  73.2139 0 0   2.000000  47.73786  110.66862  47.82407  110.58328   26.96981   61.33398 0 RT    224.46  103.27   168.43    0.00   56.123   27.069   54.948   26.503 O    0.32682    0.10000    0.65555    0.55496    0.44872
130 C-zcos_z1_602          150.324180   2.176459  20.5958  22.5616  21.2886 -22.85   2.11363666627913e+10 0.000000 I  4  61.447495  1.320269 0.396081 0.0 0.790793 38.66058 12.73212 0 0.910202   6.48576841086849e-18   4.02814526337343e+40  0.921050  56.4075 0 0   0.000000  44.76789   71.66238  49.91818   79.90673   78.90673   94.21735 2 X   - 125.54    0.00     0.00    0.00 -999.000 -999.000 -999.000 -999.000 X -999.00000 -999.00000 -999.00000 -999.00000 -999.00000
132 C-zcos_z1_608          150.311520   2.129788  19.7845  21.7208  20.5016 -23.58   4.14028422133866e+10 0.000000 I  1  50.791679  3.380479 1.014144 0.0 0.852754 32.21404 11.44281 0 0.873949   5.91272792840213e-17   3.32186457261773e+41  7.595565  82.6820 0 0  89.000000  11.77757   23.78169  12.00786   24.04192    5.83035   12.26160 0 DN     96.72   44.40    68.10    0.00   73.411   36.705   63.842   31.921 M    0.64209    0.19263    0.37226    0.30844    0.25931
133 C-zcos_z1_611          150.310630   2.134291  20.5528  21.6921  20.9240 -22.57   1.63316497685139e+10 0.000000 I  1  62.681583  3.593046 1.077914 0.0 0.766452 40.96111 13.19222 0 0.835022   9.03103222765247e-17   4.53486809496221e+41 10.369143  66.4195 0 0 -17.000000  56.94548   92.88529  62.35770  100.77339   19.50196   41.06707 0 RT    430.88  183.05   259.47    0.00   52.283    3.534   51.585    3.487 O    0.69219    0.20766    1.03619    0.61042    0.48427
134 C-zcos_z1_612          150.309680   2.193694  21.7162  22.6145  21.9858 -21.33   5.21230885733719e+09 0.000000 I  1  70.586891  2.551285 0.765386 0.0 0.630181 52.41591 15.48318 0 0.851508   7.59932505389464e-17   4.00424404864766e+41  9.155850  94.8970 0 0  87.000000  87.48012  120.72700 104.13349  142.81665   22.11265   47.46672 0 RT+   433.60  174.19   231.02    0.00    7.868    2.201    7.149    2.000 O    0.48847    0.14654    0.19206    0.10735    0.09129
135 C-zcos_z1_615          150.296670   2.262943  20.9434  22.9637  21.8230 -22.81   2.03718264541923e+10 0.000000 I  1 -59.898243  5.706991 1.712098 0.0 0.252602 80.93936 21.18787 0 0.980206   5.88369378719883e-17   4.38817205101990e+41 10.033716 131.0482 0 0 -63.000000 209.81506  223.86830 248.54800  262.40527   17.24571   44.23873 0 RT+  1782.08  651.29   729.78    0.00  102.535   51.267   61.508   30.754 M    0.98733    0.29620    4.01599    2.70840    2.63566
136 C-zcos_z1_619          150.284400   2.129633  21.1001  22.4654  21.5588 -21.99   9.57260381526324e+09 0.000000 I  1 -62.277252  3.878608 1.163583 0.0 0.679314 48.50210 14.70042 0 0.837930   5.53109537168951e-17   2.80128256129268e+41  6.405235 115.5533 0 0 -80.000000 107.84903  153.27437 108.30289  152.42412   24.60737   52.91558 0 RT+   703.52  285.21   384.12    0.00   43.152    7.745   41.639    7.474 O    0.74638    0.22391    1.84412    1.05798    0.89336
137 C-zcos_z1_621          150.273770   2.148574  21.6922  22.7846  22.0303 -21.52   6.20912434004037e+09 0.000000 I  1  58.916176  4.554420 1.366326 0.0 0.681567 48.31784 14.66357 0 0.919254   7.59706626162229e-17   4.83503192010814e+41 11.055478  81.8181 0 0 -83.000000  66.17757   93.92667  63.65262   89.43111   14.72327   31.19478 0 RT    484.70  197.38   265.37    0.00   62.560   31.280   50.207   25.104 M    0.85255    0.25576    0.94639    0.70063    0.63732
139 C-zcos_z1_626          150.267610   2.178875  21.9273  22.7828  22.1246 -21.37   5.40792311460721e+09 0.000000 I  1 -87.227921  2.986415 0.895925 0.0 0.844397 33.14537 11.62907 0 0.929041   9.17525314825236e-17   5.99416502648957e+41 13.705878  59.1717 0 0 -52.000000  70.72779  140.85783  92.71238  183.37514   41.57136   90.21211 0 RT    651.68  291.61   446.85    0.00   30.386    7.291   29.427    7.061 O    0.55741    0.16722    0.81413    0.56169    0.43491
140 C-zcos_z1_629          150.251710   2.130274  21.3650  22.3999  21.6669 -21.77   7.81682444348696e+09 0.000000 I  1  38.148502  3.861821 1.158546 0.0 0.896443 26.89112 10.37822 0 0.875383   4.77857962401752e-17   2.69555605162795e+41  6.163488  38.0590 0 0  40.000000  24.96993   57.56469  24.67724   56.27217   14.38207   33.33367 0 RT    258.60  121.28   204.34    0.00   31.925    3.272   31.924    3.272 O    1.08980    0.32694    0.53551    0.39272    0.26895
141 C-zcos_z1_633          150.241400   2.137849  20.3863  22.3092  21.0113 -23.23   2.99936970664257e+10 0.000000 I  1 -40.530930  3.049995 0.914998 0.0 0.752514 42.23374 13.44675 0 0.982166   4.83943103426794e-17   3.62720305574737e+41  8.293733 175.8103 1 0  -5.000000 158.53561  251.10428 163.82658  256.96817   47.87864  101.73620 0 RT    932.66  391.95   551.31    0.00 -999.000 -999.000 -999.000 -999.000 X -999.00000 -999.00000 -999.00000 -999.00000 -999.00000
142 C-zcos_z1_637          150.229880   2.148715  21.0519  22.8737  21.6004 -22.18   1.14032934297909e+10 0.000000 I  4  70.355431  4.547992 1.364398 0.0 0.267938 79.51506 20.90301 0 0.879421   1.05893160620406e-17   6.04153150417279e+40  1.381418 142.5226 0 0   0.000000 113.11317  115.03392 126.12619  128.26791  127.26791  179.89017 2 X   - 694.20    0.00     0.00    0.00 -999.000 -999.000 -999.000 -999.000 X -999.00000 -999.00000 -999.00000 -999.00000 -999.00000
143 C-zcos_z1_640          150.226160   2.156818  20.8544  22.9043  21.5799 -22.55   1.60335568019559e+10 0.000000 I  1 -66.923447  6.212741 1.863822 0.0 0.338843 73.78976 19.75795 0 0.913970   1.76150335976985e-17   1.10523956043880e+41  2.527171  98.3919 0 0  89.000000 101.06139  107.46349 122.56022  129.13698   16.79293   25.81619 1 RT+   954.73  371.48   409.58    0.00   57.323   28.661   54.311   27.155 M    1.73147    0.51944    4.84575    3.30921    3.22637
144 C-zcos_z1_642          150.225960   2.151669  21.3097  21.9876  21.4427 -21.98   9.48483965518351e+09 0.000000 I  1 -40.031319  3.050370 0.915111 0.0 0.751010 42.36926 13.47385 0 0.917786   1.37138478768717e-16   8.69360130836911e+41 19.878239  70.3434 0 0  -9.000000  38.85062   61.11992  38.38369   59.77672   11.27428   23.67479 0 RT    216.99   91.50   128.29    0.00   42.372   11.183   42.359   11.179 O    0.84914    0.25474    0.29559    0.18763    0.15686
145 C-zcos_z1_644          150.224450   2.198691  21.2194  22.9127  21.7742 -22.18   1.14032934297909e+10 0.000000 I  1   0.275291  4.329804 1.298941 0.0 0.579787 56.26027 16.25205 0 0.913950   6.36408459346733e-17   3.99286845661157e+41  9.129840 122.0026 0 0   1.000000 145.25201  181.42386 138.96542  171.69383   24.98524   50.67414 0 RT+   884.65  351.01   443.03    0.00   46.496   23.248   39.092   19.546 M    1.20671    0.36201    1.58714    1.13733    1.06181
146 C-zcos_z1_652          150.216070   2.154343  21.2811 -23.7000  21.6990 -22.05   1.01164903529127e+10 0.000000 I  1  41.975479  3.446754 1.034026 0.0 0.625134 52.80781 15.56156 0 0.916858   3.26931961509063e-17   2.06734113930808e+41  4.727051  43.4597 0 0 -76.000000  20.26449   26.77008  19.16220   25.04582    4.10302    8.16785 0 DN    102.73   41.79    54.17    0.00   35.721   17.860   32.251   16.125 M    0.95976    0.28793    0.27719    0.20232    0.18662
147 C-zcos_z1_658          150.213670   2.186734  21.7757  22.4444  21.8436 -21.32   5.16452103306612e+09 0.000000 I  1 -28.498955  1.119785 0.335935 0.0 0.727885 44.41406 13.88281 0 0.837323   2.59886348809859e-16   1.31387730001170e+42 30.042286  59.6696 0 0  81.000000  18.37679   29.41285  27.55243   43.98921    8.05665   16.73086 0 DN     58.62   24.52    33.79    0.00   46.104    7.721   45.110    7.554 O    0.32038    0.10000    0.11225    0.06632    0.05476
148 C-zcos_z1_659          150.212740   2.159491  21.5333  22.5849  21.8456 -21.92   8.97491215856582e+09 0.000000 I  1  26.800148  3.155627 0.946688 0.0 0.610697 53.91976 15.78395 0 0.981667   5.33941969906200e-17   3.99692734905394e+41  9.139121  73.0693 0 0  24.000000  77.10136  101.34898  92.11584  119.88668   18.66455   37.11002 0 RT+   450.20  181.07   230.94    0.00   27.109    3.583   26.853    3.549 O    0.86314    0.25894    0.66427    0.35753    0.31023
149 C-zcos_z1_660          150.211380   2.144704  20.9444  22.5667  21.5148 -22.48   1.50324579042419e+10 0.000000 I  1  82.826172  5.411597 1.623479 0.0 0.456977 65.20584 18.04117 0 0.929461   5.41301036758755e-17   3.54025152897682e+41  8.094914 110.3268 0 0  63.000000 130.63295  147.92036 136.61996  153.13161   13.29572   36.54629 0 RT+   986.14  366.50   449.86    0.00   52.261   26.130   47.598   23.799 M    1.50124    0.45037    2.06660    1.43679    1.36136
150 C-zcos_z1_670          150.200520   2.218330  20.3708  22.2834  21.0608 -22.91   2.23372714014147e+10 3.824000 H  1 -31.557617  2.653955 0.796187 0.0 0.567251 57.19584 16.43917 0 0.879092   1.62894677647510e-16   9.28507618801725e+41 21.230667 178.8606 0 0 -39.000000 147.21165  186.78722 157.29120  197.67621   24.75634   56.86270 0 RT+   624.30  241.52   308.78 1137.13  129.425   64.713   65.174   32.587 M    0.74800    0.22440    1.35180    0.96457    0.89880
151 C-zcos_z1_673          150.196090   2.144094  21.8517  22.7305  22.0489 -21.32   5.16452103306612e+09 0.000000 I  1 -63.872803  5.733666 1.720100 0.0 0.749543 42.50123 13.50025 0 0.916525   3.36895894375746e-17   2.12844148363770e+41  4.866759  58.0232 0 0 -79.000000  66.10722  100.25921  80.57082  121.00843   23.55686   47.81032 1 RT    825.65  351.38   487.42    0.00   40.733   20.367   38.130   19.065 M    1.59672    0.47901    1.92876    1.47207    1.31425
152 C-zcos_z1_675          150.186570   2.208634  20.4389  22.1447  21.0366 -22.87   2.15293301404895e+10 1.542000 H  1 -86.091919  4.441016 1.332305 0.0 0.559336 57.78293 16.55659 0 0.891499   1.84687196103418e-16   1.08975519537645e+42 24.917652 155.1451 0 0 -82.000000 168.72443  206.58932 170.78012  206.86261   25.18201   58.91628 0 RT+  1093.23  421.19   538.15 1233.00   90.863   45.431   68.407   34.203 M    1.24651    0.37395    1.65124    1.17635    1.09683
153 C-zcos_z1_682          150.172500   2.233619  20.6894  22.6971  21.4026 -22.68   1.80730022525335e+10 0.880000 H  1 -17.314667  4.608670 1.382601 0.0 0.536788 59.44201 16.88840 0 0.925154   5.65839158111740e-17   3.65853264317840e+41  8.365369 139.4005 1 0 -13.000000 161.85277  196.69807 184.03275  221.23572   26.38169   60.59119 0 RT   1213.33  466.12   586.51 1247.52 -999.000 -999.000 -999.000 -999.000 X -999.00000 -999.00000 -999.00000 -999.00000 -999.00000
154 C-zcos_z1_685          150.167830   2.247134  20.7520  22.3280  21.2755 -22.49   1.51715547250488e+10 1.361000 H  1 -74.552643  3.475418 1.042626 0.0 0.613382 53.71394 15.74279 0 0.867737   1.21029654716481e-16   6.68108558139932e+41 15.276547 113.5125 0 0 -54.000000  75.98061   99.93008  78.12666  101.71664   14.29814   31.61197 0 RT    420.67  165.85   216.24  461.08   72.211   36.105   57.906   28.953 M    0.81653    0.24496    0.87758    0.63464    0.58618
155 C-zcos_z1_690          150.152340   2.219320  20.6583  22.3569  21.3072 -22.84   2.09425828707221e+10 0.820000 H  1 -87.759911  3.250835 0.975250 0.0 0.635650 51.98932 15.39786 0 0.925160   8.69054895840607e-17   5.61912083739421e+41 12.848326 147.8244 0 0 -90.000000 109.62385  148.70097 121.19888  162.87395   24.64613   52.44121 0 RT+   630.08  251.93   329.97  643.56   48.915    9.539   46.895    9.145 O    0.74978    0.22493    1.25146    0.70582    0.60966
156 C-zcos_z1_692          150.151740   2.188685  20.3388  21.8983  20.8581 -22.99   2.40452939677856e+10 1.238000 H  1  32.644348  4.165992 1.249798 0.0 0.774809 40.18309 13.03662 0 0.926978   1.88688398865607e-16   1.22594717232987e+42 28.031731  81.8399 0 0  33.000000  97.41490  157.26253 109.66954  175.12350   34.24956   72.55593 0 RT+   868.18  369.98   528.47  934.52   30.435    5.751   30.067    5.682 O    1.15653    0.34696    0.54958    0.34046    0.27499
157 C-zcos_z1_693          150.149400   2.196627  21.6331  22.5912  21.8963 -21.65   6.99890376376578e+09 0.901000 H  1  37.783310  4.155385 1.246616 0.0 0.579532 56.27937 16.25587 0 0.924618   6.14945450678631e-17   3.97035383394677e+41  9.078360  85.5212 0 0  32.000000  88.02188  111.41563  80.46136  100.76947   15.88172   30.09123 0 RT+   498.30  200.95   251.00  513.56   59.814   29.907   49.870   24.935 M    0.95856    0.28757    1.17231    0.84176    0.78749
158 C-zcos_z1_695          150.142510   2.208278  21.7997  22.4282  21.8646 -21.32   5.16452103306612e+09 3.433000 H  1  51.201332  2.344772 0.703432 0.0 0.469075 64.33872 17.86774 0 0.846588   1.11375273902238e-16   5.78539684837145e+41 13.228522  79.7445 0 0  67.000000  34.54924   41.57845  38.05188   45.45456    4.56289   11.23513 0 DN    126.83   47.75    58.67  211.06   55.886    2.005   55.738    2.000 O    0.55511    0.16653    0.35343    0.17227    0.15265
159 C-zcos_z1_698          150.135740   2.199431  20.7574  22.2126  21.2218 -22.59   1.66352848251901e+10 3.086000 H  1 -65.941208  3.027431 0.908230 0.0 0.832818 34.39958 11.87992 0 0.926691   6.29304135818169e-17   4.08558893085579e+41  9.341848  92.2117 0 0 -56.000000  79.80916  151.66541  85.22039  160.52853   35.09800   76.29205 0 RT    578.33  255.48   386.79  889.33   44.742   41.104   44.010   40.431 O    0.69793    0.20938    1.40979    1.57382    1.45705
160 C-zcos_z1_703          150.122290   2.243516  20.6007  22.1686  21.1738 -22.37   1.35840888806634e+10 2.121000 H  1 -63.604546  1.819796 0.545939 0.0 0.847860 32.76219 11.55244 0 0.803369   5.31690944097592e-17   2.42760989767716e+41  5.550819 101.9048 0 0 -81.000000  67.23289  136.44626  72.73277  146.78581   33.14185   72.80308 0 RT    317.87  142.03   219.26  398.12   75.489    2.794   72.072    2.668 O    0.43827    0.13148    2.46177    1.60255    1.17741
161 C-zcos_z1_712          150.106040   2.213157  20.7085  22.6645  21.3865 -22.69   1.82402335311293e+10 1.925000 H  1 -21.681366  4.156625 1.246988 0.0 0.551465 58.36424 16.67285 0 0.924894   6.13687783123106e-17   3.96515312584604e+41  9.066468  73.8461 0 0  38.000000  37.46149   46.32357  34.01531   41.61765    6.36077   11.92536 0 RT    205.86   82.48   101.63  248.34   43.485   21.743   39.234   19.617 M    0.95876    0.28763    0.38131    0.27191    0.25572
162 C-zcos_z1_726          150.074200   2.216964  20.9781 -23.7000  21.4240 -22.33   1.30927280752733e+10 1.510000 H  1 -35.661575  2.802337 0.840701 0.0 0.789303 38.80447 12.76089 0 0.928241   5.41137499680454e-17   3.52771764122776e+41  8.066256 107.0747 0 0 -25.000000 113.55175  195.50377 132.62878  226.48972   45.48802   96.81542 0 RT+   755.29  324.49   469.38  847.42   36.196   19.159   34.070   18.034 O    0.64575    0.19372    1.65439    1.32278    1.16620
163 C-zcos_z1_790          149.916910   2.252199  22.1317  22.7077  22.2192 -20.71   2.94462369651042e+09 0.000000 I  1  71.189148  1.336611 0.400983 0.0 0.806929 37.07275 12.41455 0 0.855152   3.79010758763630e-17   2.01821341063504e+41  4.614719  36.9990 0 0  36.000000  19.07408   35.10867  21.94267   40.22866    8.56718   18.01012 0 RT     63.99   28.01    41.04    0.00   26.633    6.213   26.296    6.134 O    0.38432    0.11530    0.24609    0.16160    0.12932
164 C-zcos_z1_791          149.899640   2.219764  21.2910  23.2487  22.0246 -21.78   7.88915429372312e+09 0.000000 I  4 -28.648035  5.989236 1.796771 0.0 0.278291 78.60922 20.72184 0 0.828291   2.75791202802733e-17   1.35753999149469e+41  3.104065 108.3384 0 0   0.000000  85.98288   87.71052  95.87472   97.80111   96.80111  136.95627 2 X   - 697.05    0.00     0.00    0.00 -999.000 -999.000 -999.000 -999.000 X -999.00000 -999.00000 -999.00000 -999.00000 -999.00000
165 C-zcos_z1_793          149.893340   2.220069  21.6888 -23.7000  22.0369 -21.58   6.56190809713629e+09 0.000000 I  1  23.153275  3.519661 1.055898 0.0 0.629798 52.44575 15.48915 0 0.885040   3.52824959728926e-17   2.04484977779281e+41  4.675624  77.1716 0 0  35.000000  85.76971  113.40121 101.66337  132.96844   21.43907   42.80522 0 RT+   556.92  225.72   291.63    0.00   58.191   29.096   44.834   22.417 M    1.00157    0.30047    2.08045    1.51464    1.39932
166 C-zcos_z1_796          149.880480   2.223129  21.9614  22.6876  22.1018 -21.06   4.06471366348798e+09 0.000000 I  1 -70.123230  3.328614 0.998584 0.0 0.848557 32.68467 11.53693 0 0.885444   4.42673135368788e-17   2.56846978969274e+41  5.872900  29.6273 0 0 -70.000000  18.67452   36.36694  22.78461   43.89946   10.10851   22.08859 0 RT    173.89   78.26   121.22    0.00   24.176   12.088   21.850   10.925 M    0.94708    0.28412    0.27772    0.22894    0.19229
167 C-zcos_z1_8            149.965860   2.112522  22.4623  23.0344  22.5797 -20.27   1.96349748528677e+09 0.000000 I  1 -82.249527  4.483831 1.345149 0.0 0.435105 66.77252 18.35450 0 0.799921   1.28197336643469e-17   5.79167922203180e+40  1.324289  61.3892 0 0  89.000000  46.53992   53.40701  39.45723   44.80510    5.82061   10.84559 1 RT+   239.07   93.01   109.67    0.00   48.110   24.055   43.298   21.649 M    0.84355    0.25306    1.84920    1.28781    1.23118
169 C-zcos_z1_913          150.278110   2.304467  20.2016  22.4294  20.9859 -23.15   2.78631383173007e+10 0.000000 I  4 -44.719742  2.971640 0.891492 0.0 0.739602 43.38701 13.67740 0 0.924441   2.09287320375053e-17   1.35061120360621e+41  3.088222 173.3166 0 0   0.000000 137.55286  200.24500 153.37753  223.28204  222.28204  270.88657 2 X   - 789.58    0.00     0.00    0.00 -999.000 -999.000 -999.000 -999.000 X -999.00000 -999.00000 -999.00000 -999.00000 -999.00000
170 C-zcos_z1_915          150.271690   2.327293  21.7131  22.5390  21.8769 -21.64   6.93473596551987e+09 0.000000 I  1  13.417307  2.833682 0.850105 0.0 0.789044 38.82943 12.76589 0 0.981557   8.58713080336778e-17   6.42629088437022e+41 14.693950  71.9450 0 0   7.000000  91.40051  160.38504 120.44538  210.23343   42.95473   90.15849 0 RT    708.92  306.21   441.52    0.00   35.956   20.056   32.028   17.865 O    0.49007    0.14702    0.94508    0.77442    0.68757
171 C-zcos_z1_925          150.234460   2.311394  20.8894  22.3463  21.3459 -22.49   1.51715547250488e+10 0.000000 I  1  57.080894  3.729640 1.118892 0.0 0.714169 45.59468 14.11894 0 0.912870   9.80359196199636e-17   6.13292364701521e+41 14.023154 102.1142 0 0  56.000000 108.90140  164.16039 113.26260  169.30264   29.30270   62.37551 0 RT+   751.41  309.70   424.84    0.00   24.551    2.116   23.202    2.000 O    0.65743    0.19723    0.64130    0.36181    0.29564
172 E-zmus_z1_1             53.098858 -27.945836 -23.5000  25.1213 -24.0000 -18.93   5.71518483339373e+08 1.067000 H  1  52.995224  3.221532 0.966460 0.0 0.164270 90.00000 23.00000 0 0.804351   1.16700771290463e-17   5.34439832554394e+40  1.222016  57.9790 0 0  89.000000  17.77602   18.42924  17.14747   17.58624    2.51130    2.51130 1 DN     67.42   26.66    26.66   70.90   60.210   30.105   55.577   27.788 M    1.14367    0.34310    0.85635    0.57241    0.57241
173 E-zmus_z1_10            53.125496 -27.921638  21.4926  23.4284  22.3779 -21.83   8.26095288168710e+09 1.120000 H  1 -22.145538  4.982987 1.494896 0.0 0.584092 55.93727 16.18745 0 0.953736   2.34906260533093e-17   1.63737069393148e+41  3.743908  78.8536 0 1 -15.000000  54.22216   66.99961  50.37521   61.65114    9.30405   18.56175 0 RT    365.58  146.09   184.90  387.16 -999.000 -999.000 -999.000 -999.000 X -999.00000 -999.00000 -999.00000 -999.00000 -999.00000
174 E-zmus_z1_101           53.103092 -27.825558  21.6466  23.6664  22.6838 -21.39   5.50845655887022e+09 1.664000 H  3  77.066071  7.168781 2.150634 0.0 0.177043 90.00000 23.00000 0 0.832394   2.15460932060569e-17   1.07355584610044e+41  2.454725  85.9962 0 0  46.000000  68.25094   68.25094  76.10282   76.10282   59.35088   88.69193 2 DN    649.22  645.55   929.73  747.38 -999.000 -999.000 -999.000 -999.000 X -999.00000 -999.00000 -999.00000 -999.00000 -999.00000
176 E-zmus_z1_106           53.206595 -27.816604  21.6968  24.4169  22.1881 -21.86   8.49239957472051e+09 0.448000 H  1 -19.445587  2.902284 0.870685 0.0 0.408131 68.70900 18.74180 0 0.961348   4.57833971510488e-17   3.25454786968214e+41  7.441643 105.8163 0 0 -21.000000  76.02413   87.05143  72.20129   81.89019    8.33551   17.93325 0 RT    282.83  106.62   125.01  279.36   81.334   40.667   62.705   31.352 M    0.79310    0.23793    1.18378    0.81531    0.78233
177 E-zmus_z1_107           53.168125 -27.812929  22.1701  23.7525  23.1523 -21.13   4.33540661296850e+09 1.412000 H  1 -88.536613  1.422255 0.426676 0.0 0.889005 27.86178 10.57236 0 0.961694   3.40123775069116e-17   2.41994466912042e+41  5.533292  51.2710 0 0  28.000000  12.87885   31.51999  11.13961   27.27776    7.05913   15.74364 0 DN     46.17   21.77    35.74   51.00   39.381   10.436   37.091    9.829 O    0.23318    0.10000    0.21232    0.16166    0.11890
179 E-zmus_z1_114           53.137871 -27.803635  24.0845  25.2379 -24.0000 -19.21   7.39656015689523e+08 0.900000 H  4  56.139633  3.369201 1.010760 0.0 0.346933 73.18223 19.63645 0 0.896104   9.24182548915305e-18   5.52294967406514e+40  1.262843  53.9531 0 0   0.000000  42.81992   44.73316  47.74610   49.87945   48.87945   69.04817 2 X   - 199.98    0.00     0.00 -206.09 -999.000 -999.000 -999.000 -999.000 X -999.00000 -999.00000 -999.00000 -999.00000 -999.00000
180 E-zmus_z1_116           53.029221 -27.798147  20.9038  24.0386  22.7550 -22.17   1.12987450238063e+10 0.991000 H  1  83.515579  5.416690 1.625007 0.0 0.246925 81.50038 21.30008 0 0.841438   1.45256225658657e-17   7.43276529830872e+40  1.699529  69.6252 0 0  32.000000  23.01597   23.83381  19.26333   19.75555    2.85500    3.91208 1 DN    127.34   50.46    54.47  132.65   31.142   15.571   29.256   14.628 M    1.51983    0.45595    0.49989    0.34111    0.33433
181 E-zmus_z1_117           53.034232 -27.798708  20.6081  22.5242  21.5892 -22.52   1.55966153953587e+10 1.055000 H  1  53.852432  2.957335 0.887201 0.0 0.831636 34.52546 11.90509 0 0.841634   5.18837633983147e-17   2.65641427445869e+41  6.073988  58.2680 0 0 -44.000000  27.61029   52.90189  26.36289   50.14560   11.10076   23.83187 0 DN    176.47   78.30   118.03  185.31   61.791   10.177   61.612   10.147 O    0.54323    0.16297    0.83010    0.54395    0.41714
182 E-zmus_z1_118           53.058636 -27.797530  22.4929  23.9768  23.2504 -21.08   4.14028407928057e+09 1.059000 H  1  84.765106  2.005412 0.601624 0.0 0.859135 31.48673 11.29735 0 0.998425   1.15073872717831e-17   8.98218776554542e+40  2.053810  60.6994 0 0  80.000000 104.67640  224.91263 103.93564  222.83078   51.52339  114.41231 0 RT    531.77  239.69   376.31  558.69   13.192    2.450   10.770    2.000 O    0.35131    0.10539    1.18442    0.80935    0.60018
183 E-zmus_z1_119           53.034108 -27.797786  19.9858  22.4636  21.3901 -23.13   2.73545671884590e+10 1.026000 H  1  60.650097  4.190940 1.257282 0.0 0.504924 61.75872 17.35174 0 0.841298   1.03107722033246e-16   5.27386704205263e+41 12.058890 151.0472 0 0  57.000000 152.42003  179.39500 163.71577  190.61501   20.47763   49.40356 0 RT+   950.64  360.48   448.49  994.59   75.457   37.729   56.151   28.075 M    1.17597    0.35279    2.04596    1.43739    1.35396
184 E-zmus_z1_12            53.169833 -27.918191  19.3683  22.1924  20.9158 -24.03   6.26657819711296e+10 0.911000 H  1  63.801102  3.910590 1.173177 0.0 0.642612 51.44321 15.28864 0 0.976393   2.08012207905776e-16   1.53652048687005e+42 35.133102 165.1497 0 0  79.000000 171.95395  227.97290 182.64133  239.53577   35.95520   77.99103 0 RT+  1114.70  444.98   587.28 1150.18   70.941   35.470   52.871   26.435 M    1.31151    0.39345    1.09487    0.79889    0.73359
185 E-zmus_z1_120           53.023567 -27.796975  21.6931  23.3089  22.6144 -21.32   5.16452103306612e+09 2.027000 H  1 -10.111481  4.249942 1.274983 0.0 0.515055 61.02517 17.20503 0 0.896989   5.66308623083888e-17   3.39253309590023e+41  7.757151  60.9669 0 0   2.000000  45.59419   54.18418  50.73355   59.63832    6.99463   15.84054 1 RT    301.62  115.61   143.82  370.94   54.949   27.475   48.668   24.334 M    1.16958    0.35088    0.76493    0.53923    0.50748
186 E-zmus_z1_122           53.176012 -27.796145  19.9599  22.1903  21.1534 -23.51   3.88177427115098e+10 0.687000 H  1  88.487480  4.966212 1.489864 0.0 0.715289 45.49904 14.09981 0 0.996927   8.46517864375500e-17   6.58308956315327e+41 15.052476 119.8983 0 0 -83.000000 101.79276  152.36125  96.39121  142.91783   25.78717   52.87163 0 RT+   844.61  351.86   478.72  851.13   57.318    3.516   56.615    3.473 O    0.80701    0.24210    1.41973    0.79937    0.65480
187 E-zmus_z1_124           53.137617 -27.791950  21.2448  23.0161  22.0598 -22.11   1.06912976684087e+10 0.945000 H  1   6.773270  5.692849 1.707855 0.0 0.755744 41.94146 13.38829 0 0.996929   1.80194037758730e-17   1.40131615514481e+41  3.204161  76.4928 0 0   1.000000  83.32563  131.97842  86.24863  135.21490   25.40880   53.90809 0 RT+   916.01  385.87   543.88  948.94   54.569   27.285   44.129   22.065 M    0.92509    0.27753    3.35184    2.56443    2.27755
188 E-zmus_z1_125           53.090587 -27.790217  21.1746  23.7830  22.6357 -22.29   1.26191628380521e+10 0.756000 H  1 -88.857620  2.513202 0.753961 0.0 0.505969 61.68315 17.33663 0 0.997853   5.05564232787470e-17   3.94063554775734e+41  9.010407  98.5921 0 0  88.000000  76.55183   96.77319  82.62637  104.08696   10.93100   27.07742 0 RT+   311.29  117.74   147.09  315.83   29.755    3.264   27.493    3.016 O    0.40831    0.12249    0.54103    0.27380    0.24163
189 E-zmus_z1_127           53.066133 -27.789635  20.8149  22.5858  21.6171 -22.26   1.22752478488879e+10 1.023000 H  1 -11.481888  4.024660 1.207398 0.0 0.645820 51.19046 15.23809 0 0.895531   3.20475249195906e-17   1.91214907010295e+41  4.372199  84.9878 0 0 -18.000000  94.34705  126.24327 116.75098  154.52498   27.59650   50.88091 0 RT+   740.07  307.48   392.30  774.00   45.507   22.753   36.937   18.469 M    1.10811    0.33243    2.21325    1.61858    1.49832
190 E-zmus_z1_129           53.109500 -27.788256  21.1214  22.7050  21.7146 -22.17   1.12987450238063e+10 2.367000 H  1   7.018936  2.253371 0.676011 0.0 0.975090 13.08427  7.61686 0 0.994775   6.13651356508909e-17   4.74672663617563e+41 10.853564  64.3350 0 0 -45.000000  34.67465  171.47200  45.69522  225.38959   81.11604  310.14102 0 RT    604.38  336.98  1012.91  795.35   22.601    7.313   22.127    7.159 O    0.36636    0.10991    0.78782    1.16174    0.50483
192 E-zmus_z1_131           53.048183 -27.783092  20.5385  22.7896  21.7124 -22.37   1.35840888806634e+10 1.524000 H  1  46.516254  2.254656 0.676397 0.0 0.977836 12.33862  7.46772 0 0.814052   5.13823115143527e-17   2.42353165970006e+41  5.541494  58.8174 0 0 -70.000000  17.01057   85.45004  22.42197  111.64332   41.28455  169.33318 0 RT    299.54  169.74   551.12  336.85   49.051    4.444   48.998    4.439 O    0.63946    0.19184    1.39706    2.20235    0.79197
193 E-zmus_z1_132           53.040565 -27.780318  21.3026  23.5045  22.4261 -22.22   1.18312301659664e+10 0.834000 H  1  74.902870  1.689879 0.506964 0.0 0.881259 28.84099 10.76820 0 0.967140   3.05804578533939e-17   2.20634588895905e+41  5.044891  32.3614 0 0  44.000000   3.89892    9.13735   3.68523    8.62712    2.89977    5.18847 0 DN     17.35    9.30    13.88   17.75   33.309    2.071   32.163    2.000 O    0.29835    0.10000    0.06697    0.10000    0.10000
194 E-zmus_z1_134           53.058332 -27.776186  20.9642  23.9570  22.8266 -22.26   1.22752478488879e+10 0.757000 H  1  60.260597  4.375216 1.312565 0.0 0.252642 80.93546 21.18709 0 0.837407   1.85885353242695e-17   9.39990457513435e+40  2.149323 131.3779 0 0  75.000000 111.21431  119.32043 117.42770  124.71001    2.35925   17.96884 1 RT    649.30  232.26   257.15  658.84  108.612   54.306   74.313   37.157 M    0.80497    0.24149    6.18538    4.13617    4.04071
197 E-zmus_z1_139           53.058928 -27.768265  21.9109  24.2463  23.3547 -21.54   6.32456324839440e+09 0.785000 H  1  87.597221  2.185725 0.655718 0.0 0.516785 60.89961 17.17992 0 0.964913   1.35999868656813e-17   9.75648427023064e+40  2.230856  43.5206 0 0 -89.000000  15.17878   19.36607  11.58634   14.73491    2.54647    4.37745 0 DN     38.33   15.79    19.26   39.00   43.101   21.550   34.727   17.363 M    0.38611    0.11583    0.24700    0.17719    0.16684
198 E-zmus_z1_140           53.151317 -27.766690  21.4005  24.0844  23.1711 -21.90   8.81109783313851e+09 1.752000 H  1  56.412609  1.321889 0.396567 0.0 0.672353 49.06865 14.81373 0 0.893829   2.38348522593635e-17   1.41547442113951e+41  3.236534 114.6342 0 0 -65.000000  53.19920   80.54075  48.17266   72.96941   11.77661   25.05050 0 DN    114.78   46.53    62.27  134.18   87.034    2.123   81.973    2.000 O    0.22109    0.10000    1.78424    0.96795    0.80290
199 E-zmus_z1_141           53.100662 -27.766758  22.3920  23.9155  23.4351 -20.98   3.77598262645533e+09 0.624000 H  1  87.804810  6.178003 1.853401 0.0 0.151276 90.00000 23.00000 0 0.892595   3.55091509687513e-17   2.10159664270715e+41  4.805378  99.7262 0 0  90.000000 102.09263  106.85384  85.70091   88.72841   13.34720   12.45303 1 RT+   652.32  260.51   257.10  653.54   40.412   20.206   34.713   17.357 M    1.03368    0.31010    1.34150    0.89599    0.89893
201 E-zmus_z1_146           53.000561 -27.760439  19.7844  22.7030  21.3453 -23.33   3.28874464550866e+10 0.000000 I  1  74.632935  3.146733 0.944020 0.0 0.539315 59.25702 16.85140 0 0.862010   8.92843019886125e-17   4.84887944943781e+41 11.087140 132.0142 0 0  40.000000 150.67050  189.92204 185.42560  231.95825   29.95340   63.84871 0 RT    868.59  337.59   420.84    0.00   70.834   35.417   28.253   14.126 M    0.57372    0.17212    1.17647    0.83369    0.78310
203 E-zmus_z1_148           53.058021 -27.760319  21.3693  23.6659  22.4806 -21.75   7.67414808069143e+09 1.245000 H  1 -50.767914  1.468251 0.440475 0.0 0.674733 48.87546 14.77509 0 0.840299   4.26899470105670e-17   2.17717146415945e+41  4.978182 119.4753 0 0 -61.000000  60.36725   88.49647  60.78450   88.68786   14.27596   30.53872 0 RT    154.96   62.78    84.21  166.96  121.673   60.836   70.411   35.206 M    0.41214    0.12364    1.43260    1.05758    0.96348
204 E-zmus_z1_149           53.111900 -27.757886  19.8523  23.2304  21.8587 -23.23   2.99936970664257e+10 1.366000 H  1 -33.467651  4.950930 1.485279 0.0 0.312789 75.79142 20.15829 0 0.831684   5.55082069699934e-17   2.75994905500378e+41  6.310725 202.9609 0 0 -68.000000 130.82147  142.50197 139.67523  150.56647    4.71365   26.33699 1 RT    887.08  318.41   366.59  973.03  173.979   86.989  123.704   61.852 M    0.84653    0.25396    6.07284    4.10534    3.97008
205 E-zmus_z1_15            53.234828 -27.911937  22.8266  23.9504  23.0024 -20.79   3.16979032573572e+09 0.000000 I  1  53.889069  5.714749 1.714425 0.0 0.378187 70.87719 19.17544 0 0.963590   2.17839726256934e-17   1.55747002775225e+41  3.561212  70.5621 0 0  51.000000  87.13116   94.74441  77.83212   83.78060    8.46312   18.96538 1 RT+   569.75  214.62   254.81    0.00   46.671   23.335   43.293   21.646 M    1.56073    0.46822    1.89247    1.30792    1.25047
206 E-zmus_z1_152           53.024782 -27.755667  21.9538  23.2764  22.3510 -21.45   5.82144070818237e+09 1.662000 H  1  66.255035  3.901850 1.170555 0.0 0.346219 73.23563 19.64713 0 0.974209   3.91352572758463e-17   2.87484081164425e+41  6.573429  41.1243 0 0  62.000000  31.30183   35.21214  35.29637   39.37364    2.57735    7.73508 1 RT+   182.82   66.80    78.02  210.39   40.490   20.245   35.171   17.586 M    0.68761    0.20628    0.39600    0.27004    0.25988
207 E-zmus_z1_153           53.028449 -27.763928  20.6208  22.1789  21.2134 -22.40   1.39646490696788e+10 1.039000 H  1  59.543175  1.914335 0.574301 0.0 0.862738 31.06952 11.21390 0 0.845105   1.25408836768918e-16   6.48629566812943e+41 14.831153  63.5965 0 0  49.000000  39.04605   84.34578  48.73605  104.93808   24.58452   54.55043 0 RT    239.06  108.28   170.74  250.52   35.576   67.520   34.985   66.398 O    0.35119    0.10536    0.43268    0.87062    0.84715
208 E-zmus_z1_158           53.096024 -27.752631  21.3070  24.4558  23.0403 -22.43   1.43558959261661e+10 0.470000 H  3  51.811123  5.683358 1.705007 0.0 0.270477 79.28942 20.85789 0 0.995268   1.15220930665007e-17   8.92352278758446e+40  2.040396  54.7946 0 0  46.000000  43.48779   44.25885  48.49081   49.35057   32.90282   51.73520 2 DN    333.77  290.38   433.09  330.21 -999.000 -999.000 -999.000 -999.000 X -999.00000 -999.00000 -999.00000 -999.00000 -999.00000
209 E-zmus_z1_159           53.063979 -27.751922  21.1724  22.8039  21.9239 -21.76   7.74515773242142e+09 0.914000 H  1  73.293694  2.383852 0.715156 0.0 0.844513 33.13254 11.62651 0 0.860699   4.69895658297711e-17   2.54236706498181e+41  5.813215  49.0365 0 0  55.000000  36.70938   72.09425  46.54144   90.60014   20.41615   44.52425 0 RT    257.01  114.76   176.10  265.29   28.241    2.002   28.211    2.000 O    0.66415    0.19925    0.64605    0.41880    0.30949
210 E-zmus_z1_166           53.068737 -27.746926  20.4409  22.9887  21.9194 -23.20   2.91763183433431e+10 0.913000 H  1  78.398056  2.455914 0.736774 0.0 0.747616 42.67402 13.53480 0 0.975108   1.05493015214381e-16   7.76711232597115e+41 17.759787 120.2296 0 0  87.000000  73.30128  116.77495  80.64785  127.44667   23.58527   50.00308 0 RT    372.47  156.24   218.91  384.41   73.686   41.931   72.094   41.026 O    0.66089    0.19827    1.05938    0.85682    0.77448
211 E-zmus_z1_167           53.068661 -27.745857  22.7867  24.0760  23.4995 -21.20   4.62413470541662e+09 1.381000 H  1 -41.144104  4.659313 1.397794 0.0 0.217923 84.93241 21.98648 0 0.609337   1.28452653879966e-17   2.98282788886719e+40  0.682035  25.4985 0 0 -58.000000  22.92938   23.86193  29.66424   30.53859    3.93789    5.27050 1 DN    169.32   65.80    69.74  186.16   39.556   19.778   36.520   18.260 M    0.97048    0.29114    1.73600    1.17252    1.15549
213 E-zmus_z1_17            53.115242 -27.910459  22.0067  24.0519  22.9416 -21.44   5.76806820221979e+09 0.864000 H  1 -59.483398  9.217428 2.765229 0.0 0.125554 90.00000 23.00000 0 0.962456   4.15807596566801e-17   2.96422288616005e+41  6.777804  84.4000 0 0 -76.000000 104.53025  105.10172  92.26653   92.41405   14.69117   13.23820 1 RT   1013.67  409.55   401.02 1040.36   61.301   30.651   60.454   30.227 M    3.10248    0.93074    2.25932    1.51040    1.51841
214 E-zmus_z1_171           53.050186 -27.740157  22.9089  24.0321  23.5768 -20.13   1.72595643619996e+09 2.511000 I  1  76.521988  1.406512 0.421954 0.0 0.579458 56.28494 16.25699 0 0.839735   8.59817891403112e-18   4.37778900567602e+40  1.000998  31.8882 0 0  65.000000   6.51716    8.87626   6.38464    8.68896    2.28855    3.23964 0 DN     14.54    6.91     8.28   19.72   20.844    2.374   20.051    2.284 O    0.25855    0.10000    0.12340    0.07072    0.06277
215 E-zmus_z1_172           53.147712 -27.739230  20.8882  23.5519  22.1739 -22.39   1.38366174786864e+10 1.686000 H  1  69.740067  1.064773 0.319432 0.0 0.675669 48.79927 14.75985 0 0.888320   1.12915728518367e-17   6.60419629188881e+40  1.510074  61.2428 0 0  28.000000  53.82048   82.55749  57.02729   87.61780   14.13412   30.22007 0 RT    111.02   45.00    60.39  128.29   38.211   14.758   28.491   11.004 O    0.17840    0.10000    1.16993    0.78003    0.69371
217 E-zmus_z1_176           53.016479 -27.733710  21.5127  23.8873  23.0655 -22.03   9.93185685201049e+09 0.661000 H  1 -50.474037  3.369191 1.010757 0.0 0.379892 70.75287 19.15058 0 0.958846   1.08599883678727e-16   7.67036124431939e+41 17.538563  90.3405 0 0 -44.000000  72.60524   81.34576  71.36687   79.13782    4.85440   16.74705 0 RT    317.29  115.62   138.62  318.96   66.413   33.206   53.959   26.980 M    0.91052    0.27315    0.56886    0.39048    0.37310
218 E-zmus_z1_181           53.021379 -27.730836  21.6309  23.0029  22.1464 -21.26   4.88686412189403e+09 2.490000 H  1  25.353241  0.721321 0.216396 0.0 0.868617 30.37793 11.07559 0 0.805583   8.25816792459199e-17   3.79615067818401e+41  8.680037  55.2543 0 0 -28.000000  15.94230   36.06230  23.88953   54.06880   13.30818   28.71889 0 RT     46.41   21.43    33.69   62.66   47.795    2.124   45.002    2.000 O    0.20530    0.10000    0.27672    0.18778    0.13526
219 E-zmus_z1_183           53.061113 -27.726907  21.6541  23.8783  22.7250 -21.90   8.81109783313851e+09 2.364000 I  1 -27.513548  1.420021 0.426006 0.0 0.615092 53.58265 15.71653 0 0.978956   5.20381592401195e-17   3.86888371172510e+41  8.846344  88.2119 0 0 -77.000000  19.64761   27.17711  19.61318   27.03544    4.27484    8.64253 0 DN     45.69   18.44    23.83   60.08   76.930   12.990   75.759   12.792 O    0.40103    0.12031    0.30720    0.17024    0.14730
220 E-zmus_z1_186           53.004736 -27.725085  20.1090  23.3406  21.9645 -23.56   4.06471380295316e+10 1.099000 H  1  40.474232  8.591667 2.577500 0.0 0.292822 77.39133 20.47827 0 0.997614   4.30644408235606e-17   3.35468681832577e+41  7.670614  95.6223 0 0  46.000000 199.49287  210.63708 218.20633  228.00488   10.52492   37.61861 1 RT+  2331.14  842.01   949.77 2461.91  127.097   63.549  101.943   50.971 M    1.50538    0.45161    8.34913    5.62326    5.46553
221 E-zmus_z1_189           52.992479 -27.719661  21.0102  22.5869  21.7150 -21.95   9.22636181202774e+09 0.000000 I  1  77.316101  3.157873 0.947362 0.0 0.784235 39.29096 12.85819 0 0.840016   6.01751074961893e-17   3.06635711733910e+41  7.011338  59.2406 0 0  76.000000  49.50092   82.10917  66.63637  109.35186   24.16618   46.99009 0 RT    410.93  182.21   256.28    0.00   47.005   23.503   39.661   19.830 M    0.93128    0.27938    1.08171    0.84557    0.74570
222 E-zmus_z1_190           53.059446 -27.715074  21.8587  24.1991  23.0366 -21.40   5.55942685260215e+09 2.178000 I  1  15.147339  1.453903 0.436171 0.0 0.849493 32.58017 11.51603 0 0.813878   3.53307102190072e-17   1.66555275199665e+41  3.808347  98.3167 0 0  64.000000  22.16099   45.38704  23.74483   48.39147   11.12609   24.19238 0 DN     83.72   37.66    58.09  106.05   98.529   49.264   81.546   40.773 M    0.41238    0.12372    1.09159    0.89771    0.75569
223 E-zmus_z1_191           53.187958 -27.715441  21.1344  24.0510  22.8189 -22.13   1.08900491956527e+10 0.760000 H  1  80.901413  4.668615 1.400584 0.0 0.405231 68.91789 18.78358 0 1.038820   4.50654589842677e-17   3.88014257089271e+41  8.872088 164.6862 0 0  71.000000  55.21582   64.01081  53.75908   61.83590    4.55503   13.51343 1 DN    343.54  126.29   151.73  348.69  131.138   65.569   91.581   45.791 M    0.67496    0.20249    1.41164    0.97204    0.92764
224 E-zmus_z1_192           53.120850 -27.715432  19.7646  23.3166  21.7201 -23.68   4.53973297578355e+10 1.001000 I  1  82.372154  5.041559 1.512468 0.0 0.642856 51.42401 15.28480 0 1.040351   2.85632555116379e-17   2.46827127887547e+41  5.643793 109.3062 0 0 -64.000000 147.20407  202.71667 167.90987  229.28308   34.53812   74.70020 1 RT   1375.57  549.51   724.97 1434.70   89.020   44.510   38.981   19.490 M    0.72865    0.21859    3.18075    2.32117    2.13156
225 E-zmus_z1_193           53.009249 -27.713472  21.5801  23.1132  22.3478 -21.81   8.11017007737755e+09 0.953000 H  1  29.311729  1.696140 0.508842 0.0 0.774974 40.16761 13.03352 0 0.970727   5.49477446684964e-17   4.00085286588732e+41  9.148097  40.0895 0 0  77.000000  44.94042   78.76373  55.90260   97.86913   19.25358   40.59641 0 RT    197.54   84.33   120.34  204.83   46.288   23.144   20.183   10.092 M    0.29917    0.10000    0.31214    0.24147    0.21288
226 E-zmus_z1_195           52.999271 -27.711333  21.0042  23.3635  22.0769 -21.98   9.48483965518351e+09 1.630000 I  1  34.163967  2.192492 0.657748 0.0 0.726620 44.52389 13.90478 0 0.821742   3.09225044478938e-17   1.49265445355047e+41  3.413009 100.8210 0 0  12.000000 116.27663  178.41714 126.23046  192.04391   34.04614   72.37588 0 RT    501.06  207.78   287.21  573.48   82.248   41.124   46.460   23.230 M    0.61990    0.18597    3.18293    2.39975    2.15367
228 E-zmus_z1_20            53.252771 -27.903958  20.3483  22.5780  21.5117 -22.75   1.92765887018452e+10 1.061000 H  1 -35.104370  2.139229 0.641769 0.0 0.442307 66.25659 18.25132 0 0.849374   1.29394128194362e-16   6.77601112683604e+41 15.493598 240.6744 0 0  56.000000 112.26620  132.34909 105.26618  123.08894   15.80256   28.94946 0 RT    313.35  121.68   142.14  329.29  216.190  108.095  117.526   58.763 M    0.60497    0.18149    1.73311    1.20288    1.15338
229 E-zmus_z1_202           53.022046 -27.701336  22.2740  24.4547  23.6753 -21.12   4.29566600641164e+09 0.963000 H  1  12.161148  4.079719 1.223916 0.0 0.234643 82.80547 21.56109 0 0.861065   3.19741388684236e-17   1.73176813798172e+41  3.959751  91.2371 0 0  15.000000 108.17698  113.06115 113.89087  117.75111    3.90441   15.63472 0 RT+   571.67  205.33   223.18  593.49   43.793   21.897   37.352   18.676 M    1.19386    0.35816    1.84128    1.22694    1.20389
230 E-zmus_z1_207           53.011267 -27.700448  19.9138  22.2220  21.2591 -23.18   2.86437784339351e+10 1.333000 H  1 -32.667961  4.284553 1.285366 0.0 0.775048 40.16059 13.03212 0 0.820058   4.47741641752303e-17   2.15039835631794e+41  4.916965  61.0218 0 0 -35.000000  70.40181  112.62844  78.40688  124.11929   24.64317   51.46951 0 RT+   632.84  270.92   385.44  690.71   35.863   17.932   32.758   16.379 M    1.27343    0.38203    1.48916    1.15192    1.01636
231 E-zmus_z1_208           53.030717 -27.694911  23.0059  23.8442  23.0455 -20.44   2.29630928002967e+09 1.743000 I  1  50.701141  1.635211 0.490563 0.0 0.480562 63.51412 17.70282 0 0.861796   5.40374058789564e-17   2.93287908560497e+41  6.706135  38.2845 0 0  72.000000  12.01516   14.70719  12.95774   15.76670    2.49244    4.39524 0 DN     30.68   12.38    14.95   35.81   26.454    2.370   26.307    2.356 O    0.47839    0.14352    0.08055    0.10000    0.10000
232 E-zmus_z1_21            53.202007 -27.904440  19.7196  22.1496  20.9532 -23.27   3.11193392597451e+10 2.044000 H  1   4.074806  3.154770 0.946431 0.0 0.908956 25.18153 10.03631 0 0.839076   6.79373881813363e-17   3.45236556169509e+41  7.893960  68.2606 0 0  76.000000  50.72175  125.49423  57.67104  141.17947   37.06926   88.76201 0 RT    530.01  251.45   439.37  653.97   26.496    6.279   26.349    6.244 O    0.89646    0.26894    0.85212    0.67519    0.46789
234 E-zmus_z1_214           53.061000 -27.688003  21.7025  23.2224  22.4524 -21.41   5.61086877950670e+09 1.042000 I  1 -37.862396  5.039961 1.511988 0.0 0.309962 76.01383 20.20277 0 0.819842   3.61733288606050e-17   1.73619596763692e+41  3.969876  82.9845 0 0 -47.000000 128.64589  135.76074 156.72006  163.79697   20.08937   32.92497 0 RT    982.38  378.89   422.16 1029.88   50.690   25.345   43.479   21.739 M    1.49808    0.44942    3.25814    2.22606    2.16474
235 E-zmus_z1_215           53.081029 -27.686943  24.0809  24.4674  24.1762 -20.38   2.17285042463714e+09 0.668000 I  4 -84.370804  0.936350 0.280905 0.0 0.906189 25.56868 10.11374 0 0.845180   7.03569505784141e-18   3.63973690857102e+40  0.832239  58.5905 0 0   0.000000  46.50038  107.74133  51.84998  120.13634  119.13634  130.84785 2 X   - 133.86    0.00     0.00 -134.65 -999.000 -999.000 -999.000 -999.000 X -999.00000 -999.00000 -999.00000 -999.00000 -999.00000
236 E-zmus_z1_217           53.085425 -27.683000  20.7316  23.0450  21.8882 -22.47   1.48946363598261e+10 2.900000 I  1  58.206802  5.689030 1.706709 0.0 0.311167 75.91891 20.18378 0 0.893907   6.74714901563939e-17   4.00777467850584e+41  9.163923 119.7881 0 0  35.000000 160.71806  169.42809 171.19835  178.78482    7.62987   31.10964 0 RT+  1210.36  436.45   499.52 1785.56   61.283   30.641   53.339   26.670 M    1.64630    0.49389    2.52817    1.70849    1.65440
237 E-zmus_z1_219           53.139850 -27.658002  20.4964  22.7856  21.9133 -23.09   2.63651498550193e+10 0.000000 I  1  61.376221  3.353379 1.006014 0.0 0.501989 61.97082 17.39417 0 0.976920   2.47373114521127e-16   1.82970628316852e+42 41.836906 177.6768 0 1  73.000000 105.72971  131.72882  94.08487  116.59264   12.41264   30.82358 0 RT    465.27  176.25   221.39    0.00 -999.000 -999.000 -999.000 -999.000 X -999.00000 -999.00000 -999.00000 -999.00000 -999.00000
238 E-zmus_z1_220           53.147317 -27.657068  21.2714  23.1517  22.1030 -21.83   8.26095288168710e+09 0.000000 z' 1  57.745777  4.790642 1.437193 0.0 0.802360 37.52794 12.50559 0 0.838415   1.47368874326933e-17   7.47431189617934e+40  1.709029  43.8837 0 0 -29.000000  17.08835   29.89307  14.09554   24.42078    5.39560   10.93360 1 DN    139.22   61.73    89.29    0.00   46.036   23.018   40.743   20.371 M    0.73372    0.22012    0.81321    0.64385    0.56059
239 E-zmus_z1_23            53.071754 -27.902452  20.4591  23.1841  21.9952 -22.90   2.21324773975207e+10 0.000000 I  1  82.080070  2.668997 0.800699 0.0 0.882840 28.64352 10.72870 0 0.960907   5.49565298210172e-17   3.90219983337692e+41  8.922523  62.5363 0 0  54.000000  49.01524  111.50702  68.39592  154.56384   38.22629   86.47603 0 RT    490.91  227.13   370.86    0.00   47.792    2.251   46.185    2.176 O    0.55796    0.16739    1.39461    0.97786    0.68291
240 E-zmus_z1_24            53.141867 -27.901838  20.6383  22.9020  21.9747 -22.33   1.30927280752733e+10 1.157000 H  1 -62.959419  3.900000 1.170000 0.0 0.339978 73.70417 19.74083 0 0.823132   6.27587884195398e-17   3.04204634944361e+41  6.955750 129.5314 0 0 -43.000000 115.59073  127.05721 130.76523  142.23621   10.41702   27.38253 0 RT+   660.12  242.58   280.01  702.58   84.021   42.011   60.334   30.167 M    0.85298    0.25589    2.35644    1.60422    1.54839
241 E-zmus_z1_27            53.210574 -27.899188  22.2117  24.4492  23.0214 -21.34   5.26053886707597e+09 1.078000 H  1  66.205246  3.188970 0.956691 0.0 0.383142 70.51635 19.10327 0 0.976142   2.62800506176105e-17   1.93998929317303e+41  4.435857  83.8264 0 0  61.000000  83.01221   93.48837 112.40337  125.32851   19.81941   29.81240 0 RT+   475.61  191.94   216.69  500.91   65.690   32.845   43.845   21.922 M    0.86810    0.26043    1.90868    1.32648    1.28239
243 E-zmus_z1_34            53.131804 -27.893583  22.6915  24.8784  23.8137 -20.74   3.02712306753285e+09 1.794000 H  1 -80.848480  1.181859 0.354558 0.0 0.739222 43.42059 13.68412 0 0.986005   2.37097625192367e-17   1.79429084075513e+41  4.102712  49.6591 0 0  83.000000  21.70968   35.19594  25.89076   41.83613    7.84822   16.48146 0 RT+    58.84   24.77    34.67   69.30   40.732   10.316   40.072   10.149 O    0.39541    0.11862    0.40237    0.25312    0.21129
244 E-zmus_z1_35            53.280661 -27.894536  19.9127  22.6562  21.4231 -23.00   2.42677874527229e+10 0.000000 I  1  15.867943  3.724687 1.117406 0.0 0.637506 51.84405 15.36881 0 0.804665   4.78754240098830e-17   2.19459500827269e+41  5.018022 126.1164 0 0  15.000000 164.84734  218.08998 194.15254  254.07387   41.75325   82.13326 0 RT+  1126.15  458.40   591.02    0.00   31.890    3.300   31.020    3.210 O    1.07308    0.32192    2.67924    1.44682    1.23976
246 E-zmus_z1_39            53.146158 -27.891964  22.7541  24.5805  23.7184 -20.53   2.49476959526695e+09 0.943000 H  1 -89.797310  1.555475 0.466643 0.0 0.646098 51.16849 15.23370 0 0.890221   3.00821819297536e-17   1.76874042057178e+41  4.044290  82.5897 0 0 -66.000000  35.84761   50.14238  36.94895   51.33352    7.95163   16.92429 0 DN     95.02   38.18    50.40   98.41   90.559   45.279   76.937   38.468 M    0.53483    0.16045    1.07732    0.78806    0.72300
247 E-zmus_z1_41            53.232721 -27.891096  20.0907  22.6469  21.2776 -23.28   3.14072895859138e+10 1.083000 H  1 -75.853859  5.368617 1.610585 0.0 0.597122 54.95399 15.99080 0 0.981888   4.11363868210835e-17   3.08106164836736e+41  7.044960  91.0671 0 0 -66.000000 145.92558  183.83978 164.25612  204.76817   29.93671   62.01200 0 RT+  1308.19  519.53   663.61 1378.69   89.003   44.501   70.592   35.296 M    1.45794    0.43738    4.51057    3.24671    3.01829
248 E-zmus_z1_45            53.135871 -27.887927  21.9224  23.7987  22.7534 -21.62   6.80817185736773e+09 0.834000 H  1  64.057465  2.981200 0.894360 0.0 0.468376 64.38885 17.87777 0 0.987489   1.50607942703053e-17   1.14400544669167e+41  2.615810  28.6344 0 0 -78.000000  93.31831  109.01231 102.71030  118.71965   11.31832   29.03581 0 RT    421.17  157.77   193.99  430.84   48.668   24.334   35.557   17.778 M    0.99705    0.29912    2.07735    1.44852    1.37087
249 E-zmus_z1_49            53.213253 -27.885620  20.6388  22.8862  21.8763 -22.75   1.92765887018452e+10 0.805000 H  1   2.488976  5.366577 1.609973 0.0 0.463046 64.77094 17.95419 0 0.981514   7.34498440749926e-17   5.49611730342453e+41 12.567074 114.4411 0 0   0.000000 151.19347  172.37685 162.08826  182.86560   17.28200   44.04396 0 RT+  1167.82  437.11   534.65 1190.91   59.955   29.978   47.579   23.789 M    1.45891    0.43767    1.79535    1.24956    1.18457
250 E-zmus_z1_50            53.179196 -27.884523  22.9429  23.8259  23.1344 -20.18   1.80730016324272e+09 1.532000 H  1 -55.955765  3.638298 1.091490 0.0 0.624829 52.83143 15.56629 0 0.908406   2.68248319229936e-17   1.65792030120254e+41  3.790895  24.8487 0 0  76.000000   9.25772   12.18566   9.11897   11.87412    2.62313    4.25227 0 DN     51.41   22.79    28.58   57.89   21.482   10.741   19.492    9.746 M    1.00851    0.30255    0.09517    0.07088    0.06561
252 E-zmus_z1_52            53.252350 -27.882021  22.8053 -25.0000  23.9599 -20.90   3.50776117967864e+09 0.946000 H  4  45.110535  2.001482 0.600445 0.0 0.463813 64.71598 17.94320 0 0.883580   1.10273522226098e-17   6.36508692361746e+40  1.455400  69.8412 0 0   0.000000  55.42952   61.30216  61.80637   68.35462   67.35462   92.15411 2 X   - 162.80    0.00     0.00 -168.68 -999.000 -999.000 -999.000 -999.000 X -999.00000 -999.00000 -999.00000 -999.00000 -999.00000
253 E-zmus_z1_53            53.086921 -27.882012  21.7637  23.5071  22.8044 -21.14   4.37552255944983e+09 0.858000 H  1  15.238655  2.718613 0.815584 0.0 0.483172 63.32656 17.66531 0 0.832164   3.72252349488251e-17   1.85352467997216e+41  4.238152  68.8445 0 0 -12.000000  36.49828   44.20137  35.77184   42.98635    4.55725   10.90478 0 DN    139.07   52.66    65.02  142.63   58.058   29.029   49.994   24.997 M    0.57007    0.17102    0.72020    0.50453    0.47645
254 E-zmus_z1_55            53.250457 -27.880857  20.7935  22.9932  21.8889 -22.18   1.14032934297909e+10 1.112000 H  1  10.971893  3.545217 1.063565 0.0 0.668293 49.39703 14.87941 0 0.885167   4.37890248421313e-17   2.53875516539096e+41  5.804957  90.0892 0 0  15.000000  94.67628  130.78780  94.79609  129.54668   20.46841   44.18724 0 RT+   546.53  220.52   295.43  578.18   40.335   20.167   34.293   17.147 M    0.99102    0.29731    1.33250    0.98167    0.89523
256 E-zmus_z1_58            53.229492 -27.879990  21.1830  23.4081  22.5064 -21.94   9.14177209008257e+09 0.796000 H  1  -0.908180  1.920142 0.576043 0.0 0.873099 29.84113 10.96823 0 0.847671   2.14300712286417e-17   1.11669680461963e+41  2.553368  65.5284 0 0 -30.000000  67.02979  146.32726  74.56335  161.59966   38.65638   87.01355 0 RT+   369.25  168.60   270.84  376.19   24.897    5.482   24.192    5.327 O    0.54335    0.16301    1.62101    1.16309    0.86098
257 E-zmus_z1_6             53.119813 -27.924779  22.9717  23.9513  23.4374 -20.15   1.75804510377209e+09 0.959000 H  2 -75.320518  1.437885 0.431365 0.0 0.620000 53.00000 25.88923 1 0.822924   2.66718187489570e-17   1.29203357468796e+41  2.954282  46.8359 0 0  20.000000  40.46689   55.21151  40.02935   54.24535   10.29177   40.86858 0 RT     92.82   39.21    89.57   96.32   42.051   21.026   35.726   17.863 M    0.50659    0.15198    0.63965    0.63774    0.43496
258 E-zmus_z1_64            53.191153 -27.872990  21.2893  22.9215  21.9127 -22.03   9.93185685201049e+09 1.783000 H  1  -9.469604  6.320424 1.896127 0.0 0.269094 79.41206 20.88241 0 0.981826   7.34439833558983e-17   5.49999961611468e+41 12.575951  54.3770 0 1  -5.000000  50.28804   52.36857  50.33747   51.91900    2.00060    8.19678 0 DN    390.50  140.55   157.53  459.02 -999.000 -999.000 -999.000 -999.000 X -999.00000 -999.00000 -999.00000 -999.00000 -999.00000
259 E-zmus_z1_65            53.093917 -27.872653  21.3007  22.9271  22.1829 -22.09   1.04961550659465e+10 1.188000 H  1  75.864685  3.372192 1.011657 0.0 0.423115 67.63216 18.52643 0 0.841964   7.97953000835914e-17   4.08941602534491e+41  9.350599  89.3240 0 0  68.000000 114.75467  132.27237 147.37712  168.24808   15.69594   41.11705 0 RT+   675.16  252.42   310.89  721.66   71.103   35.551   45.227   22.614 M    0.73218    0.21965    1.58922    1.10804    1.04829
260 E-zmus_z1_66            53.106333 -27.869237  21.5952  23.9342  22.5880 -21.94   9.14177209008257e+09 0.853000 H  1 -16.163513  3.115102 0.934531 0.0 0.501289 62.02137 17.40427 0 0.953528   4.42323552679187e-17   3.08147379700576e+41  7.045903 132.3094 0 0 -10.000000  84.25270  100.03252  79.68258   93.58925   11.84203   24.25653 0 RT    346.93  134.42   163.68  355.63   61.208   30.604   52.115   26.058 M    1.05102    0.31531    1.20518    0.84670    0.80162
261 E-zmus_z1_69            53.213649 -27.864463  22.2413  23.9397  23.1095 -21.06   4.06471366348798e+09 1.264000 H  1  38.664810  2.222179 0.666654 0.0 0.931518 21.78933  9.35787 0 0.981007   4.46919877491577e-17   3.33995205432413e+41  7.636923  29.3909 0 0 -90.000000  30.58284   89.49214  41.07100  119.31533   34.05882   86.54328 0 RT    315.52  155.48   294.71  340.89   23.113   11.557   19.761    9.880 M    0.60418    0.18125    0.47588    0.46445    0.33914
262 E-zmus_z1_7             53.012083 -27.923637  23.9129  24.2683  24.1483 -20.05   1.60335562518255e+09 0.000000 I  1  -1.773407  1.915347 0.574604 0.0 0.478378 63.67105 17.73421 0 0.818900   1.39183975633775e-17   6.66148499791230e+40  1.523173  74.8884 0 0   5.000000  37.81691   46.60303  37.03151   45.42125    4.69665   11.40844 0 DN    103.53   39.09    48.20    0.00   70.490   35.245   58.135   29.068 M    0.40374    0.12112    1.58186    1.10672    1.04582
263 E-zmus_z1_70            53.173932 -27.865018  20.9787  23.1929  22.0231 -23.21   2.94462379754397e+10 0.654000 H  1  65.090652  2.591769 0.777531 0.0 0.760178 41.53770 13.30754 0 0.858494   5.63134483272963e-17   3.02762701974153e+41  6.922780  88.7737 0 0  80.000000  80.48799  129.49911  84.73651  135.04199   25.59471   54.30836 0 RT    416.50  175.88   248.67  418.42   43.500   21.750   33.536   16.768 M    0.73121    0.21936    1.04733    0.80319    0.71212
264 E-zmus_z1_71            53.061725 -27.865891  22.8321  24.1115  23.4070 -20.52   2.47189688870283e+09 1.084000 H  1 -36.706238  3.235788 0.970736 0.0 0.629356 52.48010 15.49602 0 0.990470   1.69637869048915e-17   1.29819362905140e+41  2.968367  55.3035 0 0 -37.000000  38.31428   52.27648  37.71238   51.05703    7.64032   16.37925 1 RT+   196.60   78.43   102.76  207.22   40.741   20.370   35.082   17.541 M    0.64597    0.19379    0.83413    0.60686    0.55880
265 E-zmus_z1_73            53.121812 -27.862518  21.6550  23.7815  22.6414 -21.69   7.26156766165169e+09 0.785000 H  1  25.826920  1.682215 0.504665 0.0 0.694826 47.22344 14.44469 0 0.962754   6.82805348156576e-17   4.87133632654392e+41 11.138489  85.4145 0 0  37.000000  47.90850   73.13712  62.08498   94.54871   16.11902   33.69678 0 RT    189.27   77.72   104.93  192.61   51.261    2.217   46.252    2.000 O    0.35150    0.10545    0.59828    0.32976    0.27144
268 E-zmus_z1_8             53.207174 -27.921448  20.9933  23.5019  22.2572 -22.55   1.60335568019559e+10 0.000000 I  1 -54.427330  6.454651 1.936395 0.0 0.262115 80.04251 21.00850 0 0.980810   2.73492315146700e-17   2.04286384972607e+41  4.671083  56.8619 0 1 -70.000000  45.76589   47.52008  43.62584   44.87212    3.73850    7.02307 1 DN    344.66  127.70   138.78    0.00 -999.000 -999.000 -999.000 -999.000 X -999.00000 -999.00000 -999.00000 -999.00000 -999.00000
269 E-zmus_z1_81            53.175286 -27.852558  22.2207  23.6499  22.8204 -20.99   3.81092216742115e+09 0.783000 H  1 -89.171410  2.907459 0.872238 0.0 0.511196 61.30487 17.26097 0 0.963062   4.69577787342609e-17   3.35275554041022e+41  7.666198  55.2769 0 0  78.000000 105.43657  128.23959 134.40285  161.92052   21.92934   48.93700 0 RT    560.22  219.44   283.90  569.98   51.126   25.563   32.156   16.078 M    0.79415    0.23825    1.17603    0.84620    0.78428
270 E-zmus_z1_83            53.070700 -27.850593  21.8328  24.5919  23.3888 -22.17   1.12987450238063e+10 0.607000 H  1  -6.273643  1.989381 0.596814 0.0 0.467718 64.43598 17.88720 0 0.990444   1.22855831656858e-16   9.40122333619811e+41 21.496243 213.5378 0 0  -5.000000 150.37305  185.33273 163.22267  200.43617   18.64032   48.69999 0 RT+   474.51  177.35   217.99  474.68  168.027   84.013   45.677   22.839 M    0.41277    0.12383    0.84150    0.58630    0.55504
273 E-zmus_z1_86            53.104962 -27.849960  21.3523  22.5574  21.8136 -21.48   5.98452920058775e+09 0.788000 H  1 -17.586868  2.117466 0.635240 0.0 0.733056 43.96298 13.79260 0 0.840728   1.91784589405464e-16   9.79324685905257e+41 22.392618  66.6212 0 0 -43.000000  51.53419   81.44180  49.11951   77.18055   13.97665   29.49516 0 RT+   194.48   81.10   112.44  197.97   28.373    4.044   28.200    4.019 O    0.45996    0.13799    0.19956    0.11683    0.09560
274 E-zmus_z1_87            53.253970 -27.848243  20.0359  22.9135  21.5267 -22.96   2.33899781500483e+10 0.000000 I  1  -1.377131  2.051224 0.615367 0.0 0.527500 60.12029 17.02406 0 0.837644   5.35986298751150e-17   2.71228573265457e+41  6.201741 158.5325 1 0 -33.000000 103.65781  129.22484 129.20389  159.80016   21.10549   44.02995 0 RT    390.07  152.15   189.07    0.00 -999.000 -999.000 -999.000 -999.000 X -999.00000 -999.00000 -999.00000 -999.00000 -999.00000
275 E-zmus_z1_90            53.240124 -27.844937  21.5931  23.7934  22.4549 -21.89   8.73031536103068e+09 0.000000 I  1 -15.144379  1.507192 0.452158 0.0 0.703136 46.52856 14.30571 0 0.964274   7.11154348261750e-17   5.09339916179327e+41 11.646244  78.6447 0 0  24.000000  24.28070   37.16239  24.75378   37.74240    6.68151   13.77197 0 DN     67.69   28.06    38.05    0.00   75.252    7.635   74.240    7.533 O    0.41155    0.12346    0.35425    0.20034    0.16541
276 E-zmus_z1_91            53.051442 -27.843192  21.6177  23.6174  22.4424 -21.40   5.55942685260215e+09 0.670000 H  1  64.479736  5.213175 1.563953 0.0 0.266707 79.62538 20.92508 0 0.841481   1.57287557706040e-17   8.04942997017534e+40  1.840532  92.2911 0 0  55.000000 148.37921  157.05449 161.05281  168.61852    8.01173   25.57248 0 RT+  1046.06  378.10   418.45 1052.44   58.162   29.081   41.061   20.530 M    1.08926    0.32678    5.56490    3.73056    3.64345
277 E-zmus_z1_93            53.053154 -27.836863  21.3048  23.0596  22.0412 -22.02   9.84079896520449e+09 1.483000 H  1  61.249481  2.909770 0.872931 0.0 0.583761 55.96213 16.19243 0 0.963828   9.32944462424352e-17   6.67425841289088e+41 15.260937  55.5860 0 0  23.000000  31.87052   41.82523  36.57413   47.65984    6.53145   14.45334 1 RT    165.03   64.77    83.77  184.35   53.226   26.613   45.398   22.699 M    0.58482    0.17545    0.29896    0.21524    0.19947
279 E-zmus_z1_97            53.239762 -27.830157  20.9574  22.5165  21.6408 -22.47   1.48946363598261e+10 0.000000 I  1  -2.095917  2.821512 0.846454 0.0 0.660883 49.99288 14.99858 0 0.977332   2.38035121601796e-16   1.76246987840350e+42 40.299519  86.5483 0 0  23.000000  67.82291   94.73816  74.54834  103.17739   16.17617   34.68488 0 RT    346.43  139.55   185.75    0.00   68.159    8.674   67.221    8.554 O    0.76711    0.23013    0.47266    0.26129    0.22027
280 E-zmvvd_z1_104          53.191725 -27.753559  21.8578  23.5314  22.6932 -21.12   4.29566600641164e+09 2.626000 H  1 -12.595276  1.239097 0.371729 0.0 0.679603 48.47854 14.69571 0 0.837849   4.61682128402065e-17   2.33768250271730e+41  5.345197  77.1516 0 0  -7.000000  17.56250   26.82973  24.49011   37.43264    6.38704   13.12309 0 DN     55.20   22.67    30.31   76.70   56.680   18.565   53.384   17.486 O    0.21136    0.10000    0.40516    0.25835    0.22660
282 E-zmvvd_z1_114          52.974924 -27.732698  20.3353  22.8725  21.5738 -22.72   1.87512362771562e+10 0.000000 I  1 -57.287964  1.922088 0.576626 0.0 0.924663 22.86978  9.57396 0 0.821781   6.15464559900868e-17   2.97124938886226e+41  6.793870 124.3108 0 0  42.000000 104.17381  298.28116  99.01926  282.52664   77.88038  194.92159 0 RT    646.22  313.30   578.54    0.00  123.516   61.758   65.750   32.875 M    0.35580    0.10674    3.83041    3.63867    2.71496
283 E-zmvvd_z1_12           53.115967 -27.950188  22.4693  23.9436  23.1345 -20.91   3.54021884105054e+09 0.000000 I  1 -81.899368  1.706551 0.511965 0.0 0.405125 68.92554 18.78511 0 0.805490   2.57439130424655e-17   1.18307172892487e+41  2.705137  84.4743 0 0  52.000000  17.61096   20.91939  16.87723   19.96500    2.39661    4.74635 0 DN     40.54   15.59    18.47    0.00   79.039    2.024   78.101    2.000 O    0.37595    0.11278    0.58985    0.28490    0.25791
284 E-zmvvd_z1_123          53.063313 -27.706902  22.1243  23.9987  22.8729 -22.40   1.39646490696788e+10 1.168000 I  1 -30.018356  1.224895 0.367469 0.0 0.779201 39.76939 12.95388 0 0.844438   2.19041129357174e-17   1.13070473907761e+41  2.585398  62.1860 0 0  12.000000  39.48001   68.69681  48.72548   84.49036   16.98115   35.37583 0 RT    123.16   52.92    75.49  131.27   30.465    2.031   30.001    2.000 O    0.36063    0.10819    0.85917    0.50955    0.40007
285 E-zmvvd_z1_14           53.123800 -27.945738  22.4728  23.3689  22.7568 -20.43   2.27525611005269e+09 0.000000 I  1   7.996264  3.810807 1.143242 0.0 0.578803 56.33398 16.26680 0 0.804401   2.76013792957635e-17   1.26421954301831e+41  2.890684  37.0961 0 0 -33.000000  27.23761   34.52786  34.37909   43.12577    7.15897   13.84661 0 RT    195.57   79.79   102.26    0.00   31.782   15.891   28.581   14.291 M    0.83989    0.25197    0.62745    0.45657    0.42276
286 E-zmvvd_z1_140          53.191708 -27.676604  22.5453  23.7772  22.9409 -20.82   3.25859245417426e+09 0.000000 z' 1  11.357903  1.417060 0.425118 0.0 0.452391 65.53431 18.10686 0 0.976906   5.69470076581734e-17   4.21195760652402e+41  9.630795  79.9062 0 0 -12.000000  17.21634   21.75516  18.09631   22.89502    2.77712    5.76128 0 DN     38.61   14.87    17.99    0.00   57.621   18.016   53.421   16.703 O    0.20782    0.10000    0.17249    0.10021    0.09271
287 E-zmvvd_z1_141          53.208233 -27.676117  20.5360  23.2347  21.9989 -22.96   2.33899781500483e+10 0.000000 z' 1  77.439163  5.024217 1.507265 0.0 0.436832 66.64880 18.32976 0 0.971498   4.08006337086169e-17   2.97660742489528e+41  6.806122 124.8091 0 0  76.000000 155.03903  181.06886 167.47226  193.84404   15.79093   44.48784 1 RT+  1158.96  428.73   520.94    0.00   94.643   47.322   44.024   22.012 M    0.73785    0.22136    2.65285    1.83617    1.74572
288 E-zmvvd_z1_144          53.010708 -27.667939  23.0817  23.7458  23.3747 -20.29   2.00000247276072e+09 0.000000 I  1   1.295097  0.716512 0.214954 0.0 0.625733 52.76138 15.55228 0 0.822003   1.02101141148089e-16   4.93236767823935e+41 11.278039  51.5216 0 0 -48.000000  20.70918   29.72597  22.51674   32.33388    5.04478   10.42732 0 DN     27.57   11.09    14.45    0.00   45.370   19.082   42.830   18.014 O    0.21279    0.10000    0.13026    0.08809    0.08005
289 E-zmvvd_z1_147          53.017767 -27.665741  23.0050  23.9914  23.2050 -20.53   2.49476959526695e+09 0.000000 I  1 -87.206802  3.501923 1.050577 0.0 0.931479 21.79557  9.35911 0 0.959315   2.44893193584515e-17   1.73175985556531e+41  3.959732  56.6150 0 0 -54.000000  35.45111  100.46648  33.56193   94.10473   26.64208   68.18974 0 RT    392.16  192.50   365.99    0.00   53.320   26.660   48.149   24.074 M    0.99404    0.29821    1.77668    1.73303    1.26451
291 E-zmvvd_z1_158          53.014721 -27.643427  23.4114  23.8910  23.6795 -19.95   1.46227976256855e+09 0.000000 z' 1 -82.831856  5.375851 1.612755 0.0 0.268546 79.46080 20.89216 0 0.803642   1.92520627627166e-17   8.79750463642671e+40  2.011582  35.7806 0 1  89.000000  59.54226   61.80270  66.19414   68.08954    4.39981   10.56187 1 RT    435.59  159.07   175.06    0.00 -999.000 -999.000 -999.000 -999.000 X -999.00000 -999.00000 -999.00000 -999.00000 -999.00000
292 E-zmvvd_z1_160          53.166946 -27.635718  19.4336  22.9390  21.3672 -23.73   4.75368066235278e+10 0.000000 z' 1  87.331734  5.101412 1.530424 0.0 0.704972 46.37408 14.27482 0 0.966156   1.05351795050769e-16   7.58191094616182e+41 17.336317 134.3767 0 0  67.000000 154.62921  228.75114 160.61932  235.45618   39.96824   85.32676 1 RT+  1429.38  586.31   800.22    0.00   98.636   49.318   46.771   23.386 M    0.75023    0.22507    1.76708    1.31967    1.19224
293 E-zmvvd_z1_163          53.008675 -27.630831  22.6541  23.5426  22.9621 -20.08   1.64827675746835e+09 0.000000 z' 1  -3.267021  2.497831 0.749349 0.0 0.493842 62.55860 17.51172 0 0.804336   5.06901140340935e-17   2.32128016769355e+41  5.307692  46.4407 0 0   5.000000  42.06519   50.36417  53.58327   63.52067    8.35833   18.84546 0 RT+   188.81   73.60    94.80    0.00   44.246    2.019   43.824    2.000 O    0.74721    0.22416    0.76606    0.39455    0.33790
296 E-zmvvd_z1_18           53.133208 -27.931497  21.7490  23.2117  22.4438 -21.24   4.79766677539756e+09 0.659000 H  1 -49.843445  3.160834 0.948250 0.0 0.387056 70.23199 19.04640 0 0.840689   5.23827772916855e-17   2.67455512644160e+41  6.115469  87.1553 0 0 -32.000000  53.46344   60.79528  54.28836   61.16833    4.11834   12.86528 0 RT    230.08   84.18   100.31  231.25   73.501   36.750   55.539   27.770 M    0.68662    0.20599    0.93462    0.64118    0.61353
298 E-zmvvd_z1_19           53.144054 -27.928761  21.0967  23.1571  21.7909 -22.54   1.58865848269011e+10 1.468000 H  1  49.460033  4.895118 1.468535 0.0 0.448472 65.81502 18.16300 0 0.982660   3.58786330890551e-17   2.69248621034508e+41  6.156468  83.8018 0 0  46.000000  48.83496   56.31190  41.98736   47.90201    6.84742   12.10027 1 DN    279.04  110.35   130.23  310.97   57.454   28.727   51.906   25.953 M    1.01762    0.30529    0.82115    0.57493    0.54890
301 E-zmvvd_z1_24           53.115583 -27.914372  20.9300  23.1193  22.0343 -22.33   1.30927280752733e+10 1.690000 H  1  -9.423401  2.911533 0.873460 0.0 0.648846 50.95129 15.19026 0 0.964414   5.05794696971383e-17   3.62388646334242e+41  8.286149 119.3146 0 0 -28.000000 120.77618  168.72008 139.92574  194.02716   29.58096   63.96118 0 RT    672.25  269.21   356.57  777.38   66.487   33.244   33.661   16.831 M    0.60810    0.18243    1.39630    1.02138    0.93630
303 E-zmvvd_z1_33           53.208337 -27.901406  22.2679  23.5677  22.6814 -20.96   3.70706161242761e+09 2.018000 H  4 -37.640289  5.119628 1.535889 0.0 0.420458 67.82286 18.56457 0 0.936350   2.99186324503168e-17   1.99276685005280e+41  4.556534  23.0489 0 0   0.000000  18.29275   19.75414  20.39722   22.02674   21.02674   30.02039 2 X   - 134.19    0.00     0.00 -164.76 -999.000 -999.000 -999.000 -999.000 X -999.00000 -999.00000 -999.00000 -999.00000 -999.00000
304 E-zmvvd_z1_38           53.027517 -27.894868  20.3413  23.1058  21.7341 -23.06   2.56466100958400e+10 0.000000 I  4  16.783312  4.977094 1.493128 0.0 0.450607 65.66213 18.13243 0 0.962395   6.88985323012001e-17   4.91089674487653e+41 11.228946 171.8249 0 0   0.000000 136.36896  149.66997 152.05742  166.88863  165.88863  225.77261 2 X   - 988.44    0.00     0.00    0.00 -999.000 -999.000 -999.000 -999.000 X -999.00000 -999.00000 -999.00000 -999.00000 -999.00000
305 E-zmvvd_z1_41           53.053288 -27.889672  22.3746  23.5824  22.8590 -20.47   2.36064071229010e+09 0.895000 H  4  84.797523  4.915808 1.474743 0.0 0.440850 66.36093 18.27219 0 0.825786   2.43061321563121e-17   1.18754279276079e+41  2.715360  87.7119 0 0   0.000000  69.61264   75.98890  77.62117   84.73099   83.73099  114.91034 2 X   - 495.66    0.00     0.00 -510.50 -999.000 -999.000 -999.000 -999.000 X -999.00000 -999.00000 -999.00000 -999.00000 -999.00000
308 E-zmvvd_z1_52           53.131287 -27.878137  21.5542  23.8457  22.5331 -22.28   1.25034670201989e+10 0.712000 H  1  21.568413  3.202613 0.960784 0.0 0.523350 60.42251 17.08450 0 0.980315   6.42537256752190e-17   4.79348435673709e+41 10.960478  94.4595 0 0  22.000000  87.41983  108.51651  89.71399  110.46616   12.22971   29.58558 0 RT+   421.00  160.20   201.48  425.27   77.199   38.599   54.743   27.371 M    0.66616    0.19985    1.10283    0.77836    0.73042
310 E-zmvvd_z1_54           53.204675 -27.874695  22.7899  24.5755  23.5679 -20.31   2.03718257552107e+09 1.178000 H  4  70.028793  3.562638 1.068791 0.0 0.672905 49.02387 14.80477 0 0.889515   1.52636809059840e-17   8.95704226793188e+40  2.048060  49.1474 0 0   0.000000  39.00585   51.66455  43.49325   57.60826   56.60826   72.18293 2 X   - 244.23    0.00     0.00 -260.69 -999.000 -999.000 -999.000 -999.000 X -999.00000 -999.00000 -999.00000 -999.00000 -999.00000
311 E-zmvvd_z1_57           52.977104 -27.869745  21.7309  23.0025  20.9048 -21.76   7.74515773242142e+09 0.000000 I  1  34.669563  3.434882 1.030465 0.0 0.815833 36.17211 12.23442 0 0.863712   3.47068327222335e-17   1.89405183606953e+41  4.330819  66.2047 0 0  10.000000  45.60308   82.59341  64.16876  115.14054   25.72905   52.48575 0 RT    470.64  209.51   305.63    0.00   47.561    2.027   46.936    2.000 O    0.71188    0.21357    1.97134    1.22197    0.93795
312 E-zmvvd_z1_58           53.019642 -27.869136  21.3699  23.3257  22.3336 -21.78   7.88915429372312e+09 0.000000 I  1  39.888424  1.210812 0.363244 0.0 0.614870 53.59970 15.71994 0 0.834729   1.04641417998286e-16   5.24995484038909e+41 12.004214  93.9591 0 0  47.000000  76.44907  107.68538  90.34583  127.17432   17.87523   39.71169 0 RT+   183.24   72.24    94.42    0.00   35.808   38.475   30.567   32.844 O    0.25364    0.10000    0.43788    0.52333    0.50889
314 E-zmvvd_z1_64           53.095137 -27.856780  20.8041  22.8792  21.7919 -22.41   1.40938653496545e+10 1.161000 H  1  20.995079  3.622799 1.086840 0.0 0.721782 44.94219 13.98844 0 0.904534   7.12701530778460e-17   4.35869466611203e+41  9.966315  69.2606 0 0  10.000000  97.18114  142.62914 103.92816  150.88976   27.29759   56.37484 0 RT+   650.51  271.19   370.91  692.73   42.031   21.015   35.900   17.950 M    1.23996    0.37199    1.11468    0.83860    0.75530
315 E-zmvvd_z1_65           53.010946 -27.854535  22.0904  24.1726  23.0880 -21.41   5.61086877950670e+09 0.000000 I  1 -65.601868  5.445221 1.633566 0.0 0.276545 78.75945 20.75189 0 0.990582   4.67888350311538e-17   3.58162017842738e+41  8.189506  85.7906 0 0 -68.000000  71.41862   76.32622  61.19584   64.69714    7.07213   11.40950 1 RT+   419.23  159.29   173.61    0.00   49.642   24.821   42.329   21.165 M    1.08702    0.32610    0.77211    0.52224    0.51120
316 E-zmvvd_z1_67           53.016221 -27.851916  21.3666  23.0680  22.1121 -22.88   2.17285049919023e+10 0.000000 I  1  57.140007  5.124263 1.537279 0.0 0.446238 65.97503 18.19501 0 0.990851   6.65700671669810e-17   5.09927059229157e+41 11.659669 104.3497 0 0  56.000000 118.54866  136.53763 117.45363  133.84111   12.56714   31.30047 0 RT+   816.15  305.30   369.43    0.00   61.117   30.558   45.323   22.662 M    1.02288    0.30686    1.29468    0.89800    0.85411
317 E-zmvvd_z1_73           53.266133 -27.840513  19.2535  21.9299  20.7152 -23.85   5.30921533603389e+10 0.000000 I  1  -6.169945  4.602949 1.380885 0.0 0.493237 62.60214 17.52043 0 0.890048   1.67034488458422e-16   9.81642746127751e+41 22.445621 172.1494 0 0  -3.000000 145.56438  169.57552 152.04028  175.23296   17.42972   44.75402 0 RT+   959.84  361.01   450.02    0.00   97.241   48.620   74.619   37.310 M    1.28340    0.38502    1.66945    1.17055    1.10271
318 E-zmvvd_z1_77           53.261365 -27.835241  19.8973  22.2461  21.1698 -23.06   2.56466100958400e+10 0.000000 I  1  38.508667  3.148276 0.944483 0.0 0.909186 25.14918 10.02984 0 0.837462   7.37836582752417e-17   3.73171468040944e+41  8.532702  49.2055 0 0 -89.000000  33.38585   82.70226  39.14624   95.94656   25.25223   60.41431 0 RT    359.46  170.71   298.35    0.00   21.728    3.905   21.725    3.904 O    0.89517    0.26855    0.45127    0.35105    0.23792
319 E-zmvvd_z1_83           53.193838 -27.812950  22.8734  23.6044  22.8580 -20.23   1.89247426729787e+09 1.008000 H  1  67.307579  1.454947 0.436484 0.0 0.470438 64.24093 17.84819 0 0.832685   6.27608423451201e-17   3.12981656378907e+41  7.156440  67.7675 0 0  85.000000  18.02358   22.70941  17.70452   22.29519    2.84442    5.79222 0 DN     38.60   14.98    18.23   40.30   57.097   13.715   54.750   13.151 O    0.24868    0.10000    0.21525    0.11821    0.10770
322 S-CFHIZELS-SM14-101338 333.513630   0.935492  20.2827  22.5481  21.4815 -22.86   2.13319435554679e+10 0.000000 K  1  -0.228401  1.061482 0.489319 0.0 0.781614 39.54058 17.25058 0 0.811226   1.28794243682616e-16   6.02301971270629e+41 13.771855  95.7747 0 0  38.000000  55.04318   96.73393  71.20059  124.79558   30.56971   84.69028 0 RT    157.64   97.92   153.90    0.00   29.369   11.395   26.653   10.342 O    0.32036    0.14768    0.32102    0.32542    0.25421
323 S-CFHIZELS-SM14-104965 335.131300   1.146348  20.8033  22.7854  21.9550 -22.30   1.27359068271507e+10 0.000000 K  1  55.349213  2.949246 1.359535 0.0 0.663143 49.81161 19.94977 0 0.807194   4.65208269034848e-17   2.14902918734358e+41  4.913834  95.4624 0 0  45.000000 100.39384  143.38029 105.11189  149.13208   27.78864   79.70132 0 RT+   523.39  309.68   439.59    0.00   16.602    9.503   15.192    8.696 O    0.48984    0.22581    0.70741    0.71785    0.62430
324 S-CFHIZELS-SM14-107086 333.553310   0.899878  20.2491  23.1492  21.6896 -22.94   2.29630935881878e+10 0.000000 K  1  36.497223  3.730886 1.719853 0.0 0.480648 63.50791 23.64565 0 0.806316   2.73701192529217e-17   1.26097802303127e+41  2.883272 111.9071 0 0  45.000000 148.62393  172.30106 175.65997  201.44672   34.19082   80.03018 0 RT+   894.37  522.82   647.68    0.00   20.953    2.048   20.459    2.000 O    1.12828    0.52011    2.08287    1.58155    1.39339
325 S-CFHIZELS-SM14-108670 335.131260   1.135602  20.4408  24.0662  22.5383 -22.86   2.13319435554679e+10 0.000000 K  1  27.960243  1.058938 0.488146 0.0 0.585615 55.82281 21.56185 0 0.809225   4.70082890698323e-17   2.18501239240911e+41  4.996111 193.4648 0 0   9.000000 154.27103  214.78775 135.99011  189.59866   29.74281   89.04917 0 RT+   238.92  138.44   187.11    0.00   64.984   10.442   44.260    7.112 O    0.17573    0.10000    1.66925    1.35909    1.14063
326 S-CFHIZELS-SM14-108680 332.994290   1.368574  20.5621  23.4265  22.1157 -22.62   1.71013547466145e+10 0.000000 K  2  18.346191  1.965709 1.179426 0.5 0.959163 16.77929 11.89373 0 0.819677   8.23252633475498e-17   3.94936977148237e+41  9.030378 100.3747 0 0 -10.000000  67.25912  253.74113  71.70155  268.65247  107.03204  642.00470 0 RT+   628.43  538.61  1842.58    0.00   71.056   12.067   68.798   11.684 O    0.50928    0.30557    3.14020    7.97217    2.96773
327 S-CFHIZELS-SM14-111852 335.122910   0.945789  20.9559  23.1048  22.0139 -22.20   1.16153013834225e+10 0.000000 K  1 -27.011505  1.058068 0.487745 0.0 0.787364 38.99119 17.10888 0 0.808622   4.57054491123322e-17   2.12056361360845e+41  4.848746  71.7648 0 0 -45.000000  77.27927  141.95581  83.10464  152.92661   37.05285  105.26581 0 RT    192.55  119.33   189.82    0.00   45.063   22.532   13.737    6.868 M    0.16143    0.10000    0.42676    0.45571    0.36342
328 S-CFHIZELS-SM14-117442 335.127130   1.127684  20.9997  22.7938  21.8859 -22.08   1.03999235440735e+10 0.000000 K  1  67.581375  2.093271 0.964950 0.0 0.904309 25.82869 13.85267 0 0.807887   3.70152885416345e-17   1.71353322646003e+41  3.918056  37.6445 0 0  89.000000  21.40996   54.72124  28.16992   71.75382   22.88780   78.92927 0 RT    178.74  119.23   253.68    0.00   25.998    4.413   25.593    4.345 O    0.34757    0.16022    0.58194    0.74872    0.43042
329 S-CFHIZELS-SM14-118189 333.482270   0.974352  19.9619  23.8923  22.1519 -23.46   3.70706173962131e+10 0.000000 K  1 -17.677094  7.292351 3.361608 0.0 0.194620 90.00000 30.94224 0 0.806832   4.27496345908306e-17   1.97263719633611e+41  4.510507 114.6197 0 0 -38.000000 229.25447  231.57036 257.48584  258.52487   56.35819   43.04674 1 RT+  2243.45 1361.35  1308.50    0.00   84.163   42.081   80.862   40.431 M    2.20486    1.01639   10.22785    8.52186    8.64252
330 S-CFHIZELS-SM14-118544 333.518630   0.957464  21.3810  23.0130  22.1999 -21.76   7.74515773242142e+09 0.000000 K  1   4.325905  2.940149 1.355342 0.0 0.503505 61.86129 23.19741 0 0.804720   6.09291622163805e-17   2.79344005395085e+41  6.387303  75.4775 0 0  17.000000  63.59968   75.83492  67.50844   79.63957    9.36676   32.92686 0 RT+   278.64  157.75   205.32    0.00   63.901   16.384   63.573   16.300 O    0.88975    0.41015    1.30903    1.05795    0.92198
331 S-CFHIZELS-SM14-138499 332.889030   1.232481  20.9899  22.4957  21.6788 -22.12   1.07902253038925e+10 0.000000 K  1  20.433006  2.129761 0.981771 0.0 0.535475 59.53809 22.56652 0 0.821987   1.75521211235963e-16   8.47877388080440e+41 19.387028  89.6060 0 0  13.000000  71.31959   88.54939  92.40875  113.68432   17.65141   51.59118 0 RT+   288.12  166.78   221.79    0.00   39.851    2.028   39.295    2.000 O    0.67544    0.31136    0.45514    0.35922    0.30228
332 S-CFHIZELS-SM14-139428 335.116330   1.094168  21.9634  23.2176  22.4222 -21.02   3.91769257825506e+09 0.000000 K  1  20.406921  3.737194 1.722761 0.0 0.349522 72.98894 26.24125 0 0.807658   6.56781614053538e-17   3.03829408860475e+41  6.947171  64.8320 0 0  15.000000  15.04978   16.92022  14.92510   16.63573    2.06628    5.57646 0 DN     73.98   42.03    50.18    0.00   46.801    8.056   46.743    8.046 O    0.62059    0.28608    0.20984    0.15682    0.14256
333 S-CFHIZELS-SM14-145965 332.962540   1.370685  21.1128  23.3897  22.3606 -22.12   1.07902253038925e+10 0.000000 K  2  44.201080  4.782509 2.869506 0.5 0.517273 60.86421 22.92641 0 0.819212   6.98003651764903e-17   3.34384165858510e+41  7.645816 128.3619 0 0  44.000000 172.04437  203.49066 189.53041  221.80034   44.94971   93.33783 0 RT+  1262.31  951.31  1100.87    0.00   85.985   42.993   66.877   33.439 M    1.23930    0.74358    4.15478    4.42184    4.14786
334 S-CFHIZELS-SM14-148830 333.519220   0.945514  20.8904  23.3570  22.2283 -22.25   1.21627051344898e+10 0.000000 K  1 -66.737930  2.108009 0.971744 0.0 0.757111 41.81730 17.84114 0 0.813597   8.03298985336339e-17   3.78368578216500e+41  8.651536  94.5297 0 0 -81.000000 105.14767  169.34109 127.55743  203.63530   47.32248  131.12589 0 RT+   510.83  313.81   481.40    0.00   31.953    4.673   30.373    4.442 O    0.63558    0.29299    1.11642    1.03082    0.78300
335 S-CFHIZELS-SM14-157062 334.708390   0.943408  21.2137  23.8071  22.4794 -21.92   8.97491215856582e+09 0.000000 K  1 -85.907318  1.068473 0.492542 0.0 0.633078 52.19022 20.58543 0 0.816637   5.22761106745239e-17   2.48500204440974e+41  5.682048 123.2249 0 0  81.000000  46.35172   66.36429  50.16592   71.75291   12.56302   36.50166 0 RT+    91.23   53.54    74.53    0.00   61.474   19.595   53.141   16.939 O    0.26162    0.12060    0.69456    0.61219    0.51451
336 S-CFHIZELS-SM14-159913 333.010630   1.436126  22.4617  23.4608  22.8413 -20.58   2.61234263012998e+09 0.000000 K  2  43.801666  2.949965 1.769979 0.5 0.620000 53.00000 25.88923 1 0.817644   7.18259607910042e-17   3.42469980624213e+41  7.830702  64.9178 0 0  35.000000  91.82326  122.07562 103.52669  136.26527   27.93048  102.55910 0 RT+   478.35  360.92   547.91    0.00   20.167    2.065   19.531    2.000 O    0.76491    0.45895    0.59577    0.67247    0.51581
337 S-CFHIZELS-SM14-164290 332.985000   1.401617  21.1738  24.1850  22.8177 -22.02   9.84079896520449e+09 0.000000 K  3  62.797707  2.779016 0.000000 1.0 0.809995 36.76464 16.53824 0 0.816476   5.67919183702228e-17   2.69835369062168e+41  6.169885  61.9535 0 0  66.000000  49.16941   82.15038  54.82607   91.60132   37.70895   81.85798 2 RT  - 302.93    0.00     0.00    0.00 -999.000 -999.000 -999.000 -999.000 X -999.00000 -999.00000 -999.00000 -999.00000 -999.00000
338 S-CFHIZELS-SM14-172833 334.645220   1.216003  21.8050  24.1901  23.1378 -21.34   5.26053886707597e+09 0.000000 K  2 -55.577682  5.205981 3.123589 0.5 0.600397 54.70541 21.26083 0 0.804707   2.21267311851457e-17   1.01441122612736e+41  2.319489 172.2410 0 0  32.000000 157.20618  200.40285 172.39478  217.38055   40.86678  104.56670 1 RT   1346.70 1007.64  1232.41    0.00  168.560   84.280  120.041   60.020 M    1.07009    0.64205   17.76928   19.35947   17.68863
339 S-CFHIZELS-SM14-177686 335.120180   1.098645  20.9326  24.2255  23.0079 -22.36   1.34595463659968e+10 0.000000 K  1  37.198853  2.095731 0.966084 0.0 0.445400 66.03504 24.33521 0 0.808839   1.72432381147496e-17   8.00549232265924e+40  1.830485  72.5058 0 0  49.000000 158.50229  193.15099 146.82648  178.31381   16.41667   66.83664 0 RT+   444.70  248.76   314.41    0.00   67.554   33.777   23.960   11.980 M    0.34784    0.16035    2.33278    2.09560    1.91654
340 S-CFHIZELS-SM14-187581 334.704620   1.005819  21.8248  23.7049  22.4666 -21.25   4.84206006091347e+09 0.000000 K  2 -44.844822  2.858008 1.714805 0.5 0.975491 12.97809 11.20278 0 0.813517   5.19951824511716e-17   2.44847544027000e+41  5.598529  53.4970 0 0 -81.000000  42.79251  203.36989  47.70189  224.56105  101.47083 1000.00000 0 RT    763.74  682.65  4083.80    0.00   42.005    2.001   41.979    2.000 O    0.70070    0.42042    2.64564   11.98935    2.52446
341 S-CFHIZELS-SM14-195038 335.189770   1.001649  21.8339  23.8951  22.6935 -21.24   4.79766677539756e+09 0.000000 K  1 -47.351501  1.058897 0.488127 0.0 0.472306 64.10687 23.80892 0 0.809220   2.23598241344212e-17   1.03930179368117e+41  2.376402  80.5353 0 0 -36.000000  92.62479  119.00128 107.88134  138.84756   13.99979   54.32567 0 RT    174.96   98.25   125.89    0.00   80.969   40.485   17.357    8.679 M    0.16152    0.10000    0.81508    0.73790    0.67048
342 S-CFHIZELS-SM14-195697 335.185640   1.226966  23.5799  24.1220  23.2920 -19.01   6.15219723705728e+08 0.000000 K  3  14.536970  2.759003 0.000000 1.0 0.620000 53.00000 25.88923 1 0.810596   6.87761949061309e-17   3.21015755894737e+41  7.340143  50.6204 0 0 -63.000000  40.17494   50.30447  44.79683   56.09171   53.35538   59.78152 2 RT  - 184.16    0.00     0.00    0.00 -999.000 -999.000 -999.000 -999.000 X -999.00000 -999.00000 -999.00000 -999.00000 -999.00000
343 S-CFHIZELS-SM14-198686 333.497180   0.963597  21.9418  23.5564  22.6966 -21.17   4.49811135049871e+09 0.000000 K  2 -39.127464  2.357965 1.414779 0.5 0.620000 53.00000 25.88923 1 0.808251   5.94521643321232e-17   2.75524519747980e+41  6.299969  70.0918 0 0 -81.000000  50.17093   66.96127  56.01501   74.04510   14.00992   55.75480 0 RT    207.77  155.55   238.05    0.00   55.804   27.902   43.280   21.640 M    0.71251    0.42751    0.76125    0.93933    0.75797
344 S-CFHIZELS-SM14-207798 335.171610   1.186396  21.9388  24.0030  22.8470 -21.10   4.21725948647376e+09 0.000000 K  3   6.910225  2.743953 0.000000 1.0 0.620000 53.00000 25.88923 1 0.806174   2.30257462015559e-17   1.06037018311886e+41  2.424575 162.0114 0 0  83.000000 128.58049  161.00021 143.37294  179.52237  167.09486  185.66808 2 RT  - 586.20    0.00     0.00    0.00 -999.000 -999.000 -999.000 -999.000 X -999.00000 -999.00000 -999.00000 -999.00000 -999.00000
345 S-CFHIZELS-SM14-216212 335.115870   0.976976  22.6525  23.4421  22.7274 -20.34   2.09425821521572e+09 0.000000 K  3  45.366257  2.762672 0.000000 1.0 0.620000 53.00000 25.88923 1 0.811674   4.22710550603774e-17   1.97948120568392e+41  4.526156  49.3041 0 1 -64.000000  39.13026   48.99640  43.63197   54.63314   43.32041   47.04141 2 RT  - 179.61    0.00     0.00    0.00 -999.000 -999.000 -999.000 -999.000 X -999.00000 -999.00000 -999.00000 -999.00000 -999.00000
346 S-CFHIZELS-SM14-228100 334.957410   1.134019  22.7560  23.7437  23.2015 -20.26   1.94549562174572e+09 0.000000 K  2 -38.133404  2.138142 1.282885 0.5 0.620000 53.00000 25.88923 1 0.816892   6.83947435785738e-17   3.25372130437956e+41  7.439753  63.7521 0 0  51.000000  31.02674   42.64555  31.77307   43.42480    8.32555   32.73830 0 DN    110.49   82.82   126.69    0.00   50.093    2.706   49.774    2.689 O    0.44679    0.26807    0.43721    0.49405    0.37744
347 S-CFHIZELS-SM14-236075 332.989720   1.356458  23.3324  24.4254  23.5528 -19.68   1.14032930385304e+09 0.000000 K  3  81.911568  2.940215 0.000000 1.0 0.620000 53.00000 25.88923 1 0.863836   2.64224860032820e-17   1.44246427042808e+41  3.298247  36.7337 0 0 -37.000000  29.15370   36.50439  32.50766   40.70400   37.81385   41.98797 2 RT  - 142.42    0.00     0.00    0.00 -999.000 -999.000 -999.000 -999.000 X -999.00000 -999.00000 -999.00000 -999.00000 -999.00000
348 S-CFHIZELS-SM14-237124 333.489570   0.968989  22.9405  23.8614  23.0791 -20.06   1.61819163347251e+09 0.000000 K  1 -53.361500  1.052229 0.485054 0.0 0.986407  9.65478  9.65478 0 0.804136   7.58716959792174e-17   3.47231677658875e+41  7.939579  68.1370 0 0 -42.000000  31.32843  208.99434  30.77027  204.72331  100.91081 1000.00000 0 RT    256.34  205.87  1496.68    0.00   51.077    5.091   50.042    4.988 O    0.31850    0.14682    1.45986    7.19433    1.19441
350 S-CFHIZELS-SM14-242739 334.689870   0.914718  23.0259  23.9296  23.1280 -19.98   1.50324573884603e+09 0.000000 K  1  58.233513  3.749690 1.728522 0.0 0.229807 83.36631 29.10385 0 0.810395   6.43725515107031e-17   3.00277925168754e+41  6.865965  58.1396 0 0 -31.000000   6.13391    6.48181   5.50428    5.75416    2.04593    2.37852 0 DN     25.68   17.79    18.92    0.00   52.033   26.016   47.162   23.581 M    0.92049    0.42433    0.07396    0.06768    0.06585
351 S-CFHIZELS-SM14-261061 332.968510   1.289054  23.0173  24.1357  23.4089 -19.67   1.12987446361329e+09 0.000000 K  2  60.307480 10.555759 6.333456 0.5 0.620000 53.00000 25.88923 1 1.005467   4.00360125145873e-17   3.17982965071552e+41  7.270797  34.3160 0 1  77.000000  21.85660   27.52349  24.54521   30.78635    8.84571   23.25289 1 RT    386.72  306.14   443.91    0.00 -999.000 -999.000 -999.000 -999.000 X -999.00000 -999.00000 -999.00000 -999.00000 -999.00000
353 S-CFHIZELS-SM14-264190 334.984430   1.222688  22.5333  24.7865  23.8101 -20.70   2.91763173422689e+09 0.000000 K  1  75.093185  4.767033 2.197494 0.0 0.559575 57.76526 22.08643 0 1.030232   4.82312029475832e-17   4.06830636669286e+41  9.302332 152.7345 0 0 -61.000000 136.68204  171.22362 177.73389  220.39613   42.57876  102.96941 1 RT   1250.26  743.64   976.50    0.00  113.564   56.782   62.833   31.416 M    0.93408    0.43059    3.36714    3.16721    2.82483
354 S-CFHIZELS-SM14-280028 334.698910   0.910421  23.3506  24.5154  23.6043 -19.33   8.26095259824396e+08 0.000000 K  3 -87.328979  2.583847 0.000000 1.0 0.620000 53.00000 25.88923 1 0.759135   3.02998891358483e-17   1.20370406906216e+41  2.752313  50.3782 0 0 -40.000000  39.98268   50.06374  44.58246   55.82328   24.47251   61.68421 2 RT  - 171.64    0.00     0.00    0.00 -999.000 -999.000 -999.000 -999.000 X -999.00000 -999.00000 -999.00000 -999.00000 -999.00000
356 S-CFHIZELS-SM14-73782  334.953130   1.130975  19.6221  22.3471  21.0912 -23.58   4.14028422133866e+10 0.000000 K  1  78.917206  2.115308 0.975109 0.0 0.914239 24.42685 13.52840 0 0.816413   7.78230167356014e-17   3.69690510238433e+41  8.453109 139.1050 0 0  81.000000  95.39587  253.38112 120.90419  319.35107  105.76341  379.17795 0 RT+   803.88  542.98  1218.42    0.00   35.173   21.199   31.514   18.993 O    0.44210    0.20380    1.84971    2.73701    1.74444
357 S-CFHIZELS-SM14-83087  335.099560   1.069603  20.0489  22.0000  21.1051 -23.03   2.49476968086547e+10 0.000000 K  2  23.489922  0.695197 0.417118 0.5 0.847364 32.81734 15.54316 0 0.771997   1.27217898444788e-16   5.26677266224582e+41 12.042668  52.1273 0 0 -85.000000   7.84493   16.90706   7.80571   16.86853    5.04870   14.06169 0 DN     13.96   11.13    17.06    0.00   40.968    7.757   35.799    6.778 O    0.11726    0.10000    0.05350    0.06412    0.10000
358 S-CFHIZELS-SM14-85179  333.035860   1.417222  20.6560  22.7696  21.7263 -22.43   1.43558959261661e+10 0.000000 K  1  -4.053116  1.066775 0.491759 0.0 0.832146 34.47123 15.95725 0 0.815392   9.94378402333153e-17   4.70916248471641e+41 10.767673 124.6554 0 0 -13.000000  86.97682  173.31241  98.20980  195.41273   51.96679  152.91385 0 RT+   248.07  157.10   268.10    0.00   59.480   11.349   52.189    9.957 O    0.27686    0.12763    1.17592    1.21367    0.85092
359 S-CFHIZELS-SM14-85797  335.102860   1.107214  19.8152  21.9451  22.1955 -23.40   3.50776130003410e+10 0.000000 K  1  51.780190  1.071446 0.493912 0.0 0.744777 42.92765 18.13098 0 0.818791   8.82779627033312e-17   4.22368678204751e+41  9.657615  99.3420 0 0  56.000000  82.10458  138.85565  89.29797  151.23090   33.59232   94.37841 0 RT+   192.82  117.41   178.03    0.00   63.353   31.676   20.561   10.281 M    0.17711    0.10000    0.38824    0.39896    0.32848
362 S-CFHT-NBJ-1478        334.921080   0.376181  22.1019  23.8563  22.9297 -20.67   2.83811637341105e+09 0.000000 K  2  82.795219  2.698094 1.618857 0.5 0.554291 58.15585 22.19210 0 0.809729   2.25512928479492e-17   1.04982427879063e+41  2.400462  87.2244 0 0  81.000000  77.45732   97.10046  85.15099  105.71288   16.52235   47.24235 0 RT+   339.42  250.43   302.18    0.00   58.961   29.481   46.001   23.001 M    0.72420    0.43452    2.43804    2.62054    2.41357
363 S-CFHT-NBJ-2048        334.965290   0.350249  22.8999  23.8798  23.2148 -19.87   1.35840884145771e+09 0.000000 K  2 -26.211823  2.608443 1.565066 0.5 0.620000 53.00000 25.88923 1 0.815117   3.28995974109612e-17   1.55676366081387e+41  3.559597  65.0695 0 0 -43.000000  31.24648   41.76922  34.20308   45.29110    8.93258   34.14017 0 RT    140.59  105.66   161.18    0.00   18.713    2.631   18.702    2.629 O    0.69859    0.41915    0.31588    0.35927    0.27615
364 S-CFHT-NBJ-956         334.862700   0.395123  21.4339  23.5844  22.5922 -21.68   7.19499169141558e+09 0.000000 K  1 -76.241447  3.742065 1.725007 0.0 0.468272 64.39629 23.88784 0 0.808737   2.68091310439432e-17   1.24427738543606e+41  2.845086 144.7209 0 0  86.000000 112.45458  130.22279 113.55505  130.07069   12.87600   51.06350 0 RT    579.21  324.98   417.34    0.00   32.573    2.028   32.117    2.000 O    1.00483    0.46320    2.13413    1.61314    1.39460
365 S-NBJ-CFHT-1701        334.885300   0.590362  20.4885  24.1720  22.4719 -22.81   2.03718264541923e+10 0.000000 K  4  47.094559  2.103116 0.969489 0.0 0.468118 64.40730 23.89084 0 0.811770   1.42676608670763e-17   6.68324201439166e+40  1.528148 178.8381 0 0   0.000000 141.93500  157.37549 158.26381  175.48064  174.48064  236.30676 2 X   - 439.18    0.00     0.00    0.00 -999.000 -999.000 -999.000 -999.000 X -999.00000 -999.00000 -999.00000 -999.00000 -999.00000
366 S-NBJ-CFHT-1709        334.882990   0.603215  21.2680  24.4950  22.9568 -21.96   9.31171789282540e+09 0.000000 K  1 -64.274658  2.106485 0.971042 0.0 0.405780 68.87833 25.11313 0 0.813075   3.96083545690395e-17   1.86268030686425e+41  4.259087  82.0268 0 0 -14.000000  27.73248   32.68619  38.66552   45.32596    7.56332   16.09686 0 DN    113.62   66.29    78.68    0.00   77.458   38.729   64.560   32.280 M    0.43389    0.20002    0.87601    0.77990    0.72995
367 S-NBJ-CFHT-1713        334.838930   0.611860  21.1041  23.3856  22.4765 -22.07   1.03045742982096e+10 0.000000 K  1 -65.270409  2.783409 1.283088 0.0 0.399691 69.31746 25.23346 0 0.761876   3.66402693849813e-17   1.46852085329542e+41  3.357827  97.4704 0 0 -47.000000  93.43047  107.49129  77.68066   88.61567   10.17007   32.26740 0 RT+   293.52  165.93   205.19    0.00   67.767    2.038   66.512    2.000 O    0.58646    0.27034    2.35630    1.74678    1.54539
370 S-NBJ-CFHT-1733        334.931530   0.639484  22.1920  23.7318  22.8808 -20.82   3.25859245417426e+09 0.000000 K  2 -53.576874  4.338406 2.603043 0.5 0.572669 56.79238 21.82350 0 0.772330   8.22703484453523e-17   3.40956669275272e+41  7.796099 102.9313 0 0  29.000000 113.56754  142.30998 124.33279  154.12424   27.74909   70.90370 1 RT    795.70  593.16   715.91    0.00   70.638   35.319   54.279   27.139 M    0.90962    0.54577    2.21630    2.39447    2.20298
371 S-NBJ-CFHT-1739        334.926120   0.642104  20.0707  22.6862  21.4776 -23.12   2.71038209057648e+10 0.000000 K  1  -8.136604  2.082567 0.960016 0.0 0.770235 40.61038 17.52742 0 0.803849   9.33395567936278e-17   4.26799054277184e+41  9.758917 160.8403 0 0   5.000000 155.07707  261.93765 182.75067  307.01309   73.36153  202.74272 0 RT+   760.86  470.12   729.18    0.00   61.053   30.526   19.567    9.784 M    0.43062    0.19850    0.98981    1.03935    0.84198
372 S-NBJ-CFHT-1740        334.827490   0.645524  21.2068  24.1354  22.8946 -22.00   9.66118006580254e+09 0.000000 K  1  68.016678  3.757693 1.732211 0.0 0.373769 71.19975 25.74976 0 0.812160   6.27018960113115e-17   2.94055234356986e+41  6.723680 124.7670 0 0  49.000000 133.91512  150.04504 136.06627  150.92458    7.27502   50.35979 0 RT+   674.88  372.23   457.02    0.00  103.863   51.932   70.136   35.068 M    0.77430    0.35694    2.93083    2.58485    2.39688
373 S-NBJ-CFHT-1745        334.872940   0.647797  21.7920  23.6098  22.7701 -21.28   4.97771980920375e+09 0.000000 K  1 -86.204056  2.117166 0.975965 0.0 0.662519 49.86172 19.96313 0 0.817217   6.99079675154012e-17   3.32896154977592e+41  7.611793  85.4856 0 0  78.000000 103.06216  148.21761 129.15187  184.73488   37.66276   98.75430 0 RT    465.43  279.17   390.96    0.00   78.035   39.017   32.973   16.486 M    0.43536    0.20069    1.20704    1.17788    1.01568
374 S-NBJ-CFHT-1759        334.922570   0.657046  20.2783  22.5369  21.5647 -22.88   2.17285049919023e+10 0.000000 K  2 -85.078773  3.130224 1.878135 0.5 0.894874 27.09851 14.15130 0 0.803154   1.69544776382704e-16   7.73602493180982e+41 17.688704 142.3466 0 0  73.000000 157.84464  371.46429 169.38284  395.05035  122.13757  408.14429 0 RT+  1471.55 1181.97  2092.15    0.00   24.461    7.866   22.225    7.147 O    0.64743    0.38846    1.12645    1.54304    1.07138
375 S-NBJ-CFHT-1770        334.865270   0.670640  21.6975  22.8439  22.2090 -21.38   5.45795357425342e+09 0.000000 K  1 -84.672241  2.001345 0.922574 0.0 0.498883 62.19503 23.28819 0 0.772521   8.67605188340025e-17   3.59784063037417e+41  8.226594  81.4809 0 0  88.000000  72.23589   89.78599  80.92434  100.04199   11.83340   41.03813 0 RT    238.26  134.93   174.96    0.00   47.624    9.352   45.371    8.909 O    0.41958    0.19342    0.83064    0.65580    0.56888
376 S-NBJ-CFHT-1774        334.877460   0.675422  21.6943  24.1694  22.9847 -21.46   5.87529675388813e+09 0.000000 K  3 -48.575745  2.764395 0.000000 1.0 0.620000 53.00000 25.88923 1 0.812180   9.00227433120589e-17   4.22208648252988e+41  9.653955  73.9486 0 0 -75.000000  58.68936   73.48704  65.44123   81.94130   50.39727   66.52561 2 RT  - 269.56    0.00     0.00    0.00 -999.000 -999.000 -999.000 -999.000 X -999.00000 -999.00000 -999.00000 -999.00000 -999.00000
377 S-NBJ-CFHT-1787        334.913400   0.689110  20.5271  23.5934  22.2397 -22.69   1.82402335311293e+10 0.000000 K  1  75.260071  3.762009 1.734200 0.0 0.444528 66.09752 24.35228 0 0.813093   6.13684487462553e-17   2.88615713780101e+41  6.599304 150.8252 0 0  84.000000 156.08493  181.08521 174.50948  200.42801   25.19415   75.20554 0 RT+   897.27  510.18   634.66    0.00   42.553    3.369   39.827    3.153 O    0.77489    0.35721    2.24093    1.68228    1.48404
378 S-NBJ-CFHT-1789        334.846640   0.689954  20.5971  23.2265  21.9510 -22.64   1.74192694169612e+10 0.000000 K  1 -68.539108  3.761700 1.734058 0.0 0.547515 58.65508 22.32725 0 0.813035   4.07431571562008e-17   1.91581632618182e+41  4.380584 126.8453 0 0 -82.000000 130.62961  162.23276 129.62944  159.37418   21.64962   71.30862 0 RT+   713.43  408.00   545.39    0.00   35.593    2.062   34.519    2.000 O    0.77485    0.35719    2.06956    1.62827    1.36852
379 S-NBJ-CFHT-1790        334.852860   0.690581  21.9666  24.0899  23.1549 -21.14   4.37552255944983e+09 0.000000 K  2  81.545692  2.248818 1.349291 0.5 0.620000 53.00000 25.88923 1 0.811832   4.39222736992994e-17   2.05779241990192e+41  4.705218  42.7395 0 0 -19.000000  14.77884   20.26292  15.56385   21.21066    4.42524   16.08583 0 DN     56.76   42.91    65.32    0.00   22.287   11.284   22.167   11.224 O    0.46345    0.27807    0.13481    0.16714    0.13518
380 S-NBJ-CFHT-1793        334.877480   0.693089  21.3285  23.7461  22.5434 -21.72   7.46500151622550e+09 0.000000 K  1  68.726120  4.528201 2.087398 0.0 0.332162 74.29584 26.60069 0 0.815570   5.20556518189578e-17   2.46657113929874e+41  5.639905  77.4352 0 0 -79.000000  29.48768   32.13682  34.90136   37.62872    5.46395   11.66700 1 DN    202.76  116.62   134.05    0.00   66.498   33.249   60.316   30.158 M    0.93177    0.42952    0.77176    0.67397    0.63995
381 S-NBJ-CFHT-1795        334.885180   0.695089  21.5025  23.7310  22.7246 -21.40   5.55942685260215e+09 0.000000 K  2  31.742020  7.212960 4.327776 0.5 0.833621 34.31393 15.91768 0 0.808946   4.55055825190569e-17   2.11337255484805e+41  4.832304  50.1280 0 0  -4.000000  53.22980   96.68312  58.81524  105.80244   30.42007   83.21442 1 RT    908.15  719.02  1069.07    0.00   46.150   23.075   43.300   21.650 M    1.48826    0.89296    2.12378    2.66464    2.16403
383 S-NBJ-CFHT-2044        334.893210   0.383460  19.6714  22.7405  21.3221 -23.53   3.95394351109497e+10 0.000000 K  1  31.079704  5.215510 2.404231 0.0 0.384543 70.41452 25.53427 0 0.808807   3.55257008142995e-17   1.64918893020315e+41  3.770931 180.7922 0 1  47.000000 181.42870  197.70589 192.60060  207.78445   11.14295   70.18089 0 RT   1289.61  712.20   877.00    0.00 -999.000 -999.000 -999.000 -999.000 X -999.00000 -999.00000 -999.00000 -999.00000 -999.00000
384 S-NBJ-CFHT-C339        334.945660   0.417368  20.1153  22.9576  21.1932 -22.92   2.25439603844959e+10 0.000000 K  3 -50.969330  2.767853 0.000000 1.0 0.681322 48.33790 19.55762 0 0.813196   6.30265269671205e-17   2.96506373919124e+41  6.779727 275.0382 1 0  27.000000 218.28429  292.18402 243.39665  325.79813  270.82245  293.72769 2 RT  -1073.10    0.00     0.00    0.00 -999.000 -999.000 -999.000 -999.000 X -999.00000 -999.00000 -999.00000 -999.00000 -999.00000
385 S-NBJ-CFHT-C343        334.952740   0.357901  20.8519  23.1311  22.0591 -22.11   1.06912976684087e+10 0.000000 K  1  12.795227  2.096272 0.966333 0.0 0.420564 67.81527 24.82203 0 0.809068   2.89338710453578e-17   1.34424335724924e+41  3.073662 114.1938 0 0  13.000000  93.67393  109.43412 129.06201  149.60139   24.19379   54.19710 0 RT+   373.19  216.95   260.37    0.00   36.085   20.832   33.765   19.492 O    0.56282    0.25945    1.90493    1.78801    1.67799
387 S-zvipe_z1_1055        334.668940   0.986902  21.4411  22.5447  21.7267 -21.67   7.12902610725854e+09 0.000000 K  2  29.275070  2.485458 1.491275 0.5 0.746519 42.77213 18.09032 0 0.968142   8.93690668120354e-17   6.46439888107870e+41 14.781085  89.4694 0 0  66.000000 105.67374  169.36670 109.47783  174.24828   38.82689  109.23037 0 RT    515.37  392.53   532.18    0.00   50.363   25.182   24.419   12.210 M    0.57908    0.34745    0.56221    0.65288    0.56368
388 S-zvipe_z1_1056        334.671450   0.898733  20.5791  23.2786  21.8971 -22.72   1.87512362771562e+10 0.000000 K  1 -69.192734  3.069211 1.414837 0.0 0.403093 69.07206 25.16621 0 0.840076   5.56932143183708e-17   2.83847306649548e+41  6.490273 117.8274 0 0 -61.000000 112.27061  127.97872 125.92838  142.15642   16.36414   49.38844 0 RT    519.21  293.56   356.65    0.00   91.846   45.923   59.245   29.622 M    0.74464    0.34326    2.19278    1.94553    1.80788
389 S-zvipe_z1_1058        334.677520   0.959138  20.2658  22.3600  21.1749 -22.67   1.79073041944687e+10 0.000000 K  1  -3.732864  1.093998 0.504308 0.0 0.819898 35.75464 16.28147 0 0.836124   8.72854512708360e-17   4.39724729666391e+41 10.054467 106.1297 0 0  37.000000  74.17505  143.59297  93.59673  181.00815   47.65509  136.27351 0 RT    235.65  148.86   247.55    0.00   39.651   23.768   34.276   20.546 O    0.26582    0.12254    0.75942    0.87995    0.69815
392 S-zvipe_z1_1063        334.691450   0.942235  21.8121  23.2300  22.2488 -21.49   6.03990464159219e+09 0.000000 K  2  23.193863  2.953741 1.772245 0.5 0.964851 15.55827 11.66069 0 0.901852   4.20116395280661e-17   2.55055419119895e+41  5.831935  88.9823 0 0   0.000000  73.17364  292.44983  79.68349  315.61639  130.57016  929.79053 0 RT   1109.38  962.13  3968.96    0.00   43.500    2.031   42.840    2.000 O    0.70143    0.42086    3.73795   11.45082    3.50037
393 S-zvipe_z1_1064        334.702330   0.970463  20.9313  22.9609  22.0130 -21.92   8.97491215856582e+09 0.000000 K  1 -13.595856  1.047302 0.482782 0.0 0.719825 45.11056 18.70390 0 0.800439   4.18027996785450e-17   1.89157047936354e+41  4.325145 120.1751 0 0  -5.000000 107.60823  171.80940 120.63234  192.40987   40.55238  114.50483 0 RT    239.80  144.64   214.81    0.00   43.483   15.498   33.907   12.084 O    0.25817    0.11901    1.43177    1.35654    1.09784
394 S-zvipe_z1_1065        334.703970   0.949212  22.3466  23.3396  22.5740 -20.64   2.76076807587859e+09 0.000000 K  1  -8.512238  1.069401 0.492969 0.0 0.620409 53.17316 20.84900 0 0.817341   1.02380322905939e-16   4.87709416342795e+41 11.151654  62.7898 0 0   0.000000  21.22000   29.98707  21.58357   30.47011    5.47833   15.27468 0 DN     38.78   22.83    31.42    0.00   58.990    2.976   56.903    2.871 O    0.26178    0.12067    0.19518    0.15980    0.13113
395 S-zvipe_z1_1066        334.705770   0.952105  20.8925  23.1624  22.0284 -22.37   1.35840888806634e+10 0.000000 K  1  -8.323845  1.274451 0.587493 0.0 0.678977 48.52964 19.60856 0 0.974060   9.23428804781145e-17   6.78085818015265e+41 15.504681 115.4242 0 0   0.000000 110.46950  166.76724 134.85928  203.38147   40.57442  111.75639 0 RT+   308.45  184.37   263.27    0.00   38.757   46.993   30.222   36.644 O    0.29648    0.13667    0.58950    0.87209    0.81820
396 S-zvipe_z1_1067        334.708170   0.939216  19.4936  23.1958  20.9130 -24.24   7.60378972509855e+10 0.000000 K  4 -89.913887  1.136387 0.523849 0.0 0.778755 39.81154 17.32058 0 0.868547   1.19767828922452e-17   6.62665461949081e+40  1.515209 112.6230 0 0   0.000000  89.38332  139.60374  99.66636  155.66435  154.66435  184.83716 2 X   - 210.50    0.00     0.00    0.00 -999.000 -999.000 -999.000 -999.000 X -999.00000 -999.00000 -999.00000 -999.00000 -999.00000
397 S-zvipe_z1_1069        334.710610   0.986036  20.4434  23.3714  21.9306 -22.80   2.01850521686848e+10 0.000000 K  1  20.590393  2.111762 0.973474 0.0 0.625123 52.80865 20.75120 0 0.815070   5.18473885311089e-17   2.45299598620943e+41  5.608865 156.7905 0 0  33.000000 132.38727  180.77249 146.07629  198.06651   33.98465   99.31165 0 RT    497.74  291.34   403.43    0.00   65.780    2.167   60.698    2.000 O    0.51741    0.23852    2.95972    2.41991    1.97777
398 S-zvipe_z1_1070        334.720340   0.945933  21.1957  22.7497  21.8586 -21.61   6.74575273961550e+09 0.000000 K  2  19.342300  5.798157 3.478895 0.5 0.841069 33.50998 15.71604 0 0.799530   5.49085778785598e-17   2.47767142424403e+41  5.665287  91.3959 0 0  64.000000  75.85860  140.88910  86.06183  158.27060   46.57994  127.67415 1 RT   1092.04  868.46  1306.48    0.00   85.221   42.611   79.586   39.793 M    1.42987    0.85792    4.74665    6.01597    4.84581
399 S-zvipe_z1_1148        335.129270   0.916221  20.3719  23.3830  22.0017 -22.79   2.00000254138319e+10 0.000000 K  1  68.861290  4.490864 2.070186 0.0 0.396455 69.55127 25.29755 0 0.808793   2.37416798911630e-17   1.10209935441393e+41  2.519990  75.5352 0 1  75.000000 193.18864  220.31197 208.03661  235.03403   16.76290   80.57079 0 RT   1256.05  697.22   858.66    0.00 -999.000 -999.000 -999.000 -999.000 X -999.00000 -999.00000 -999.00000 -999.00000 -999.00000
400 S-zvipe_z1_1152        335.140170   0.928075  19.9217  22.9180  22.2022 -23.94   5.76806840012908e+10 0.000000 K  2 -79.870674  3.061758 1.837055 0.5 0.894607 27.13370 14.15964 0 0.994432   9.63613643631350e-18   7.44741275235687e+40  1.702878  50.5440 0 0 -90.000000 127.65713  310.11258 128.67007  311.25977   96.16817  321.10065 1 RT+  1134.07  910.78  1610.56    0.00  100.496   50.248   38.219   19.110 M    0.44013    0.26408    8.04614   11.43524    8.24900
403 S-zvipe_z1_1159        335.170940   0.941725  19.2395  22.0742  21.1817 -23.63   4.33540676172147e+10 0.000000 K  1  -9.810661  1.059131 0.488235 0.0 0.834886 34.17849 15.88364 0 0.809431   3.48427180258819e-17   1.62055186570565e+41  3.705451 199.3471 1 0 -26.000000 146.93033  302.29440 167.07780  344.35391   92.07572  271.91595 0 RT    434.01  275.24   472.24    0.00 -999.000 -999.000 -999.000 -999.000 X -999.00000 -999.00000 -999.00000 -999.00000 -999.00000
404 S-zvipe_z1_1160        335.176150   0.929754  19.8784  22.5742  22.1972 -23.74   4.79766694001122e+10 0.000000 K  3 -37.695694  3.412633 0.000000 1.0 0.990873  7.90792  7.90792 0 1.002633   2.18168841498806e-17   1.72073589448950e+41  3.934526 216.2813 0 0   1.000000 171.65181 1247.63794 191.39937 1391.17151  979.78204 1000.00000 2 RT  -5649.59    0.00     0.00    0.00 -999.000 -999.000 -999.000 -999.000 X -999.00000 -999.00000 -999.00000 -999.00000 -999.00000
406 S-zvipe_z1_1165        335.187690   0.952247  19.6560  23.3614  22.2040 -23.70   4.62413486407619e+10 0.000000 K  2 -50.377228  1.889818 1.133891 0.5 0.723606 44.78476 18.61815 0 0.807909   7.82666929810056e-17   3.62340628049615e+41  8.285051 191.0707 1 0 -45.000000 110.31879  176.18365 104.01929  165.82126   35.90808   99.11614 0 RT    372.91  283.07   375.84    0.00 -999.000 -999.000 -999.000 -999.000 X -999.00000 -999.00000 -999.00000 -999.00000 -999.00000
407 S-zvipe_z1_1168        335.203900   0.928203 -22.0000  23.2069  22.0078 -19.85   1.33361452324196e+09 0.000000 K  2  54.600002  2.290000 1.374000 0.5 0.620000 53.00000 25.88923 1 0.899176   2.01630254527497e-17   1.21516743368224e+41  2.778525  75.5856 0 0 -22.000000  25.87417   36.28180  25.17981   35.21917    6.85295   26.57778 0 DN     95.98   72.04   110.11    0.00   40.968    3.683   40.095    3.604 O    0.33802    0.20281    0.59445    0.67338    0.51534
409 S-zvipe_z1_1172        335.217710   0.942796  21.0419  22.6568  22.0500 -22.10   1.05932770276157e+10 0.000000 K  1 -75.782120  3.740337 1.724210 0.0 0.801169 37.64579 16.76335 0 0.808351   4.38177895110683e-17   2.03130408381508e+41  4.644651  55.3683 0 0 -72.000000  50.03229   88.53268  61.28653  107.58887   27.93115   76.96413 0 RT    478.88  301.49   484.97    0.00   43.968   21.984   30.909   15.455 M    0.57073    0.26310    1.19684    1.29912    1.02530
410 S-zvipe_z1_1278        334.973390   1.141339  20.3509  23.7945  21.8799 -22.81   2.03718264541923e+10 0.000000 K  2  66.716331  7.410699 4.446420 0.5 0.912227 24.71683 13.59498 0 0.815552   3.00596396073708e-17   1.42425080822643e+41  3.256602  73.6173 0 0  42.000000  52.86310  129.25949  58.81895  142.47728   47.90125  166.37756 1 RT   1256.47 1028.36  1963.01    0.00   77.296   38.648   72.867   36.434 M    1.54939    0.92964    6.45441    9.82945    6.67223
411 S-zvipe_z1_1282        334.964870   1.147569  20.4834  23.0918  21.7488 -22.75   1.92765887018452e+10 0.000000 K  2  16.604500  2.729064 1.637439 0.5 0.739295 43.41419 18.25833 0 0.815467   3.72486289539312e-17   1.76441742519873e+41  4.034405 146.1743 0 0  32.000000 147.22934  231.61687 153.10176  238.96130   52.42708  147.49997 0 RT+   776.05  589.98   794.96    0.00   88.052   44.026   36.191   18.096 M    0.57060    0.34236    3.00704    3.47649    3.01265
413 S-zvipe_z1_1301        334.944200   1.123363  20.7747  23.0212  21.7005 -22.19   1.15088092325237e+10 0.000000 K  3  60.251789  2.774782 0.000000 1.0 0.887286 28.08177 14.38546 0 0.815232   4.43953530589708e-17   2.10145561277786e+41  4.805055 163.0790 0 0  39.000000 129.42775  274.95044 144.31767  306.58194   94.35021  419.88593 2 RT  -1012.33    0.00     0.00    0.00 -999.000 -999.000 -999.000 -999.000 X -999.00000 -999.00000 -999.00000 -999.00000 -999.00000
414 S-zvipe_z1_1304        334.939160   1.154911  20.3455  22.2391  21.1072 -23.23   2.99936970664257e+10 0.000000 K  1  14.326912  1.273704 0.587148 0.0 0.849390 32.59165 15.48700 0 0.973408   1.36634021839035e-16   1.00166338689597e+42 22.903400  69.9213 0 0  49.000000  56.32451  119.20157  64.48159  136.47638   37.73032  113.48435 0 RT    206.86  132.32   234.04    0.00   33.869    3.656   27.953    3.018 O    0.25293    0.11660    0.27682    0.29290    0.19664
415 S-zvipe_z1_1306        334.935180   1.129509  21.2096  23.1956  21.7692 -21.66   7.06366531299978e+09 0.000000 K  1  63.419891  3.001097 1.383437 0.0 0.610118 53.96410 21.06144 0 0.821405   2.12859572926426e-17   1.02645264419047e+41  2.347022  62.5571 0 1 -71.000000  84.82001  112.78630  96.91773  127.76708   21.93558   62.58545 0 RT    456.30  267.10   365.24    0.00 -999.000 -999.000 -999.000 -999.000 X -999.00000 -999.00000 -999.00000 -999.00000 -999.00000
416 S-zvipe_z1_1314        335.112290   1.092589  20.5195  22.0218  21.7619 -22.19   1.15088092325237e+10 0.000000 K  2  31.837372  1.399084 0.839450 0.5 0.780953 39.60333 17.26678 0 0.818408   1.12003587960479e-16   5.35268057188095e+41 12.239100  69.9640 0 0  41.000000  17.40199   31.06946  15.42188   27.53051    6.87132   18.75460 0 DN     45.84   35.45    49.51    0.00   52.186   15.628   49.735   14.894 O    0.23131    0.13878    0.16183    0.18161    0.14986
417 S-zvipe_z1_1315        335.105080   1.154875  20.5510  22.5138  21.0984 -22.26   1.22752478488879e+10 0.000000 K  1  57.172100  2.995010 1.380631 0.0 0.446023 65.99039 24.32301 0 0.819721   4.88766089487511e-17   2.34505959905248e+41  5.362065 118.1135 0 0  57.000000 125.51194  149.90686 129.22778  153.33075   13.41443   57.39459 0 RT+   546.48  305.13   386.16    0.00   47.682    7.320   43.632    6.698 O    0.49489    0.22814    1.97559    1.50480    1.32191
418 S-zvipe_z1_1317        335.097710   1.153389  20.9827  22.8871  22.3036 -22.19   1.15088092325237e+10 0.000000 K  1 -67.961784  3.953048 1.822265 0.0 0.282001 78.29299 27.70206 0 0.820925   9.95381896529773e-17   4.79303422004198e+41 10.959449  80.2908 0 0 -73.000000   5.14116    5.63060   5.30327    5.75643    2.00287    2.52359 0 DN     27.08   18.61    20.50    0.00   78.416   39.208   68.649   34.324 M    0.65288    0.30097    0.07888    0.07309    0.07000
419 S-zvipe_z1_1318        335.093280   1.103287  20.9535  23.0505  21.8915 -22.39   1.38366174786864e+10 0.000000 K  3  24.891823  3.147141 0.000000 1.0 0.671694 49.12206 19.76611 0 0.924631   3.58655052208101e-17   2.31571193333872e+41  5.294960  86.3467 0 0  58.000000  68.52914   90.63436  76.41302  101.06132   39.51800  105.01667 2 RT  - 378.48    0.00     0.00    0.00 -999.000 -999.000 -999.000 -999.000 X -999.00000 -999.00000 -999.00000 -999.00000 -999.00000
420 S-zvipe_z1_1320        335.076010   1.129207  20.9022  23.3313  21.4854 -22.46   1.47580783997308e+10 0.000000 K  2 -13.458031  6.169944 3.701967 0.5 0.620000 53.00000 25.88923 1 0.924575   4.26834334908781e-17   2.75550800848729e+41  6.300570  81.8314 0 0  16.000000 125.79240  165.57901 137.66757  179.28120   37.20589  134.92387 1 RT   1316.32  994.49  1507.66    0.00   75.386   37.693   56.326   28.163 M    0.98313    0.58988    3.62240    4.46890    3.61998
421 S-zvipe_z1_1322        335.070240   1.108054  20.0760  22.5639  20.8216 -22.86   2.13319435554679e+10 0.000000 K  2  74.136696  2.594712 1.556827 0.5 0.889807 27.75858 14.30823 0 0.841010   7.01513287468376e-17   3.58514857393521e+41  8.197574  36.8634 0 0  71.000000  16.59947   39.28582  16.93530   39.88018   12.32095   40.02304 0 RT    123.14   98.89   171.34    0.00   32.336   16.168   26.794   13.397 M    0.42520    0.25512    0.21911    0.30698    0.22464
422 S-zvipe_z1_1325        335.061310   1.100784  20.0112  23.5864  22.3080 -23.63   4.33540676172147e+10 0.000000 K  2  49.476578  2.894096 1.736458 0.5 0.939633 20.44085 12.64371 0 0.832480   5.03148133270729e-17   2.50762943466552e+41  5.733787 110.6721 0 0  55.000000  56.28340  176.36618  58.69496  182.79861   65.87823  287.78445 0 RT    629.55  524.35  1262.19    0.00   92.637   46.318   58.564   29.282 M    0.47582    0.28549    2.96957    5.50301    3.09389
423 S-zvipe_z1_1330        335.043910   1.153878  21.2114  22.9989  20.9941 -22.19   1.15088092325237e+10 0.000000 K  1  -9.276810  6.214179 2.864595 0.0 0.284501 78.08207 27.64387 0 0.963660   4.90381216109535e-17   3.50666523842542e+41  8.018119  34.0543 0 0  45.000000  40.18602   43.26329  50.41105   53.69941   10.26331   16.06569 1 RT    397.10  235.82   259.69    0.00   34.199   17.099   28.433   14.217 M    0.97942    0.45149    0.46248    0.40212    0.38777
424 S-zvipe_z1_1500        335.135480   1.119646  20.4537  23.2696  21.6259 -22.68   1.80730022525335e+10 0.000000 K  2 -35.513939  3.330609 1.998365 0.5 0.870535 30.14930 14.88526 0 0.861705   3.83830489679561e-17   2.08269552969267e+41  4.762160 103.4671 0 0 -80.000000  73.75455  159.65715  77.36674  166.29065   48.28773  150.97607 0 RT    659.08  522.80   853.52    0.00   96.383   48.192   64.553   32.276 M    0.54167    0.32500    3.61092    4.81742    3.68229
425 S-zvipe_z1_1529        332.978910   1.408250  20.1087  22.7432  22.0007 -23.23   2.99936970664257e+10 0.000000 K  2 -70.886559  1.651735 0.991041 0.5 0.710277 45.92568 18.91882 0 0.821539   5.35400526106015e-17   2.58285222170273e+41  5.905786 126.1383 0 1 -90.000000  46.91113   71.88193  49.05302   74.77299   15.55358   43.58371 0 RT    146.97  111.06   146.30    0.00 -999.000 -999.000 -999.000 -999.000 X -999.00000 -999.00000 -999.00000 -999.00000 -999.00000
426 S-zvipe_z1_1530        332.984640   1.341650  21.0941  22.6382  22.3280 -22.09   1.04961550659465e+10 0.000000 K  1 -47.951637  2.990567 1.378583 0.0 0.634934 52.04532 20.54662 0 0.818541   5.43684966530347e-17   2.59931870929719e+41  5.943438  41.5383 0 0 -47.000000  21.80810   29.34320  23.38589   31.15089    5.76737   15.98595 0 DN    110.86   65.53    91.00    0.00   35.320    4.825   35.309    4.823 O    0.77516    0.35733    0.30158    0.25205    0.20663
427 S-zvipe_z1_1531        332.989260   1.370989  19.2865  22.5034  22.4313 -24.46   9.31171821232154e+10 0.000000 K  1  50.028839  1.214008 0.559630 0.0 0.721171 44.99473 18.67341 0 0.927872   1.37444390819914e-16   8.95131214483053e+41 20.467503  61.5182 0 0  -6.000000  19.21317   30.64709  18.18482   28.96483    6.43332   17.33747 0 DN     41.84   25.48    37.62    0.00   47.838    6.770   46.372    6.563 O    0.30300    0.13968    0.10346    0.09224    0.07212
428 S-zvipe_z1_1532        332.993580   1.450671  21.7228  23.2086  22.3395 -21.46   5.87529675388813e+09 0.000000 K  3  22.736053  2.934177 0.000000 1.0 0.620000 53.00000 25.88923 1 0.862062   6.20294462026774e-17   3.36921385051633e+41  7.703831  65.8524 0 0 -50.000000  52.26379   65.44136  58.27644   72.97001   48.21865   58.29391 2 RT  - 254.79    0.00     0.00    0.00 -999.000 -999.000 -999.000 -999.000 X -999.00000 -999.00000 -999.00000 -999.00000 -999.00000
431 S-zvipe_z1_1538        333.000580   1.412536  21.3895  23.0172  21.3102 -21.77   7.81682444348696e+09 0.000000 K  2  52.973911  2.829793 1.697876 0.5 0.620000 53.00000 25.88923 1 0.855393   3.77551604772315e-17   2.01184037639102e+41  4.600147  88.4600 0 0  33.000000  83.58598  111.72161  90.99067  120.47240   23.61212   90.67751 0 RT+   405.69  304.72   464.69    0.00   35.651    7.561   35.216    7.468 O    0.72321    0.43393    1.36416    1.56558    1.21172
432 S-zvipe_z1_1539        333.005680   1.347942  19.2351  22.4730  22.3080 -24.21   7.39656066446483e+10 0.000000 K  4  82.389328  3.078064 1.418917 0.0 0.566798 57.22952 21.94159 0 0.842494   1.42258357327077e-17   7.30188157565911e+40  1.669602 194.0307 0 0   0.000000 153.99266  183.14023 171.70863  204.20946  203.20946  266.80585 2 X   - 748.00    0.00     0.00    0.00 -999.000 -999.000 -999.000 -999.000 X -999.00000 -999.00000 -999.00000 -999.00000 -999.00000
433 S-zvipe_z1_1540        333.011730   1.393974  21.4025  23.1383  22.3938 -21.84   8.33739229631898e+09 0.000000 K  1 -23.544167  2.211795 1.019587 0.0 0.532489 59.75630 22.62570 0 0.853701   4.18526884319288e-17   2.21932477809190e+41  5.074567  83.2875 0 0 -51.000000  60.13979   75.45435  63.65199   79.26035   10.37297   34.32766 0 RT    208.62  118.96   157.02    0.00   50.779   10.969   49.476   10.688 O    0.56562    0.26074    1.05775    0.85327    0.73305
435 S-zvipe_z1_1542        333.021160   1.432605  19.7664  22.8934  21.4122 -23.55   4.02744743324172e+10 0.000000 K  1  84.803894  2.112905 0.974001 0.0 0.571025 56.91490 21.85659 0 0.815544   1.17010580980325e-16   5.54392809048811e+41 12.676394 141.4361 0 0  89.000000  98.12469  126.93697 109.16531  140.15746   20.96624   64.31377 0 RT+   352.41  203.24   272.77    0.00   63.453    2.148   59.094    2.000 O    0.54833    0.25277    1.13915    0.90243    0.75510
436 S-zvipe_z1_1543        333.025680   1.376925  19.9490  21.4380  21.2987 -23.28   3.14072895859138e+10 0.000000 K  1 -23.101982  2.184055 1.006800 0.0 0.768228 40.79667 17.57575 0 0.842992   1.12297091554730e-16   5.77243015742089e+41 13.198874 103.1362 0 1 -75.000000  70.32933  116.66863 101.74438  167.51346   43.57874  111.11221 0 RT    435.37  274.24   418.49    0.00 -999.000 -999.000 -999.000 -999.000 X -999.00000 -999.00000 -999.00000 -999.00000 -999.00000
437 S-zvipe_z1_1568        332.927590   1.224242  20.7692  22.8038  22.1203 -22.77   1.96349755265671e+10 0.000000 K  2 -17.925125  7.158481 4.295089 0.5 0.974591 13.21516 11.24269 0 0.921647   1.39512043439766e-16   8.93619736328189e+41 20.432943 103.5980 0 0 -11.000000 116.87649  517.82159 133.33655  586.61066  264.92429 1000.00000 1 RT+  4997.10 4465.69 10746.69    0.00   88.180   44.090   86.385   43.193 M    2.19312    1.31587    8.36051   16.42926    9.00283
438 S-zvipe_z1_1569        332.933170   1.255738  20.2108  22.8882  20.9034 -23.14   2.76076817060384e+10 0.000000 K  2 -74.631432  2.395080 1.437048 0.5 0.994502  6.13526  6.13526 0 0.856940   1.31199998504674e-16   7.02238097682915e+41 16.056931  90.3192 0 0 -12.000000  85.05847  847.73407  95.48594  942.47888  468.64084 1000.00000 0 RT   2686.20 2490.98  3896.41    0.00   31.975    4.586   31.627    4.536 O    0.74956    0.44974    3.65380    4.97233    3.60491
439 S-zvipe_z1_1571        332.940080   1.268842  19.3635  21.6681  20.8344 -23.93   5.71518522558334e+10 0.000000 K  1  54.625793  1.105485 0.509603 0.0 0.820733 35.66835 16.25959 0 0.844863   1.93809411709006e-16   1.00169795273075e+42 22.904190  57.0397 0 0  29.000000  24.28628   46.45982  31.57499   60.21381   15.89293   45.48672 0 RT     79.21   50.07    83.42    0.00   42.488   14.484   41.758   14.236 O    0.34751    0.16019    0.17170    0.18036    0.13326
440 S-zvipe_z1_1572        332.943610   1.234708  20.3014  22.2744  22.4624 -23.17   2.83811647079021e+10 0.000000 K  4  85.777206  1.166772 0.537855 0.0 0.670742 49.19914 19.78663 0 0.891695   5.00927650325607e-17   2.95735057954039e+41  6.762091 138.0067 0 0   0.000000 109.52911  144.69121 122.12981  161.33710  160.33710  202.34956 2 X   - 224.01    0.00     0.00    0.00 -999.000 -999.000 -999.000 -999.000 X -999.00000 -999.00000 -999.00000 -999.00000 -999.00000
442 S-zvipe_z1_1574        332.947460   1.233469  22.2324  22.9796  22.1653 -20.49   2.40452931427630e+09 0.000000 K  2  12.256081  5.287587 2.437457 0.0 0.620000 53.00000 25.88923 1 0.819980   2.32353151974404e-17   1.11567692966562e+41  2.551036  55.6504 0 0  63.000000  72.10656   92.03007  96.85881  122.53993   33.65679   93.75912 1 RT    771.05  492.36   819.62    0.00   47.848   23.924   45.531   22.766 M    1.67827    0.77364    3.57345    3.99831    3.07802
443 S-zvipe_z1_1575        332.946450   1.270844  20.4479  22.3776  21.5557 -23.24   3.02712317139705e+10 0.000000 K  1  71.756874  1.300544 0.599521 0.0 0.822389 35.49683 16.21615 0 0.993940   9.31572818213222e-17   7.19098119817992e+41 16.442442  69.2709 0 0  41.000000  46.80161   89.90721  62.73295  120.13396   32.05148   91.29893 0 RT    185.92  117.84   196.66    0.00   32.887   11.677   30.163   10.710 O    0.39078    0.18014    0.33616    0.35578    0.26335
444 S-zvipe_z1_1576        332.952180   1.239408  21.5131  22.8786  22.8595 -21.90   8.81109783313851e+09 0.000000 K  2  78.452988  4.414268 2.648561 0.5 0.962448 16.08506 11.76005 0 0.923831   3.06679449574626e-17   1.97589445438226e+41  4.517955  44.1118 0 0  51.000000  46.31274  172.66721  50.51656  186.34877   76.48060  498.28418 1 RT+   978.89  846.79  3192.25    0.00   38.248   19.124   34.779   17.389 M    1.35151    0.81090    2.55409    7.27156    2.70787
445 S-zvipe_z1_1577        332.954570   1.188215  20.8764  22.6095  20.3007 -22.42   1.42242772806578e+10 0.000000 K  1 -24.114006  2.183556 1.006569 0.0 0.586763 55.73647 21.53857 0 0.842758   5.08735453950349e-17   2.61327460250558e+41  5.975348  83.0140 0 0 -47.000000 103.80074  134.41498 122.85697  157.63684   25.37179   74.74822 0 RT    409.61  238.00   322.35    0.00   21.441    8.648   20.508    8.272 O    0.68694    0.31666    0.77168    0.69195    0.60027
446 S-zvipe_z1_1578        332.955360   1.253273  19.9896  22.9557  22.3254 -23.52   3.91769271267577e+10 0.000000 K  1  71.486877  4.132344 1.904916 0.0 0.458824 65.07348 24.07262 0 0.893074   2.94048330621179e-17   1.74261969704781e+41  3.984564  51.4524 0 0  78.000000  55.08142   62.84461  50.47135   56.97025    9.06924   22.25913 0 RT    280.15  162.59   201.46    0.00   37.788   18.894   34.143   17.071 M    1.27734    0.58882    0.81514    0.73776    0.67801
447 S-zvipe_z1_1579        332.958290   1.223348  20.7968  22.9670  22.4117 -22.52   1.55966153953587e+10 0.000000 K  1  89.334534  4.681662 2.158140 0.0 0.303174 76.55299 27.22226 0 0.843151   7.93597785979197e-17   4.08124205532515e+41  9.331909  95.3863 0 0 -89.000000 133.62715  140.91672 146.41774  152.88390    2.01123   43.23680 0 RT+   851.74  467.43   548.16    0.00   59.478   29.739   54.957   27.479 M    1.47262    0.67885    2.02258    1.74749    1.65144
448 S-zvipe_z1_1580        332.967370   1.225571  20.8193  22.9090  21.9504 -22.40   1.39646490696788e+10 0.000000 K  2  69.043045  2.458763 1.475258 0.5 0.796519 38.10334 16.88062 0 0.842900   6.20612332266735e-17   3.18928881578764e+41  7.292426  66.6882 0 0 -48.000000  39.44273   67.90485  44.60749   76.03633   19.44407   53.61808 0 RT    222.48  172.67   245.12    0.00   44.777    2.215   44.760    2.215 O    0.77348    0.46409    0.74143    0.81399    0.65205
449 S-zvipe_z1_1581        332.968810   1.242086  19.9945  23.0348  21.7726 -23.32   3.25859256598046e+10 0.000000 K  2 -13.122246  6.435294 3.861177 0.5 0.926754 22.54545 13.10332 0 0.844487   3.19123851389338e-17   1.64757470218245e+41  3.767240 101.7623 0 0  -9.000000 172.06241  454.79190 191.64410  502.90546  177.59906  672.47382 1 RT+  3851.25 3190.73  6716.92    0.00   76.331   38.166   71.728   35.864 M    2.02322    1.21393   19.02393   31.51114   19.77311
452 S-zvipe_z1_1585        332.977960   1.257851  21.2051  22.4008  21.4349 -22.18   1.14032934297909e+10 0.000000 K  1  46.549984  5.254911 2.422395 0.0 0.373591 71.21280 25.75334 0 0.946396   1.55557164968451e-16   1.06378356688568e+42 24.323801  63.6806 0 0  20.000000  90.42711   97.96529  79.42619   85.19959   11.91798   30.60503 0 RT    532.78  305.42   370.52    0.00   62.367   31.183   58.189   29.094 M    1.59850    0.73687    0.63257    0.56421    0.52396
453 S-zvipe_z1_1589        333.000920   1.234724  21.1567  22.4878  21.9918 -22.10   1.05932770276157e+10 0.000000 K  3   3.790245  2.913028 0.000000 1.0 0.926234 22.62648 13.12137 0 0.855849   1.25461232260169e-16   6.69416862603212e+41 15.306462  47.6494 0 0 -81.000000  37.81695   98.29684  42.16757  109.60532   84.28828   43.46940 2 RT  - 379.95    0.00     0.00    0.00 -999.000 -999.000 -999.000 -999.000 X -999.00000 -999.00000 -999.00000 -999.00000 -999.00000
454 S-zvipe_z1_1991        335.124370   0.966718  20.1773  23.0177  22.0135 -22.94   2.29630935881878e+10 0.000000 K  2  45.553783  3.542403 2.125442 0.5 0.841363 33.47790 15.70802 0 0.823964   1.56992291409195e-16   7.62868540457508e+41 17.443268  93.2570 0 0  63.000000  71.06753  139.88193  76.23917  148.96915   40.44315  120.30144 1 RT    627.97  492.14   751.82    0.00   76.264   38.132   51.670   25.835 M    0.53711    0.32227    1.05175    1.33360    1.06705
455 S-zvipe_z1_2059        333.285480   1.454400  19.9292  22.5938  21.2653 -23.55   4.02744743324172e+10 0.000000 K  1 -19.086388  4.036853 1.860897 0.0 0.408478 68.68407 25.05991 0 0.872455   6.91405113270855e-17   3.86807469695006e+41  8.844495 313.7120 1 0 -19.000000 187.56708  212.47978 202.32855  226.81271   21.09108   79.47266 0 RT   1089.58  609.74   750.76    0.00 -999.000 -999.000 -999.000 -999.000 X -999.00000 -999.00000 -999.00000 -999.00000 -999.00000
456 S-zvipe_z1_2061        333.282600   1.437173  21.9243  22.5572  21.9466 -21.11   4.25628220590016e+09 0.000000 K  1  10.534531  3.503284 1.614934 0.0 0.351981 72.80577 26.19090 0 0.958878   8.36972003610516e-17   5.91197408511952e+41 13.517945  49.9734 0 0 -63.000000  25.08980   28.12192  25.10484   27.88313    2.19910    8.99410 0 DN    116.24   64.69    77.83    0.00   53.719   26.860   47.155   23.578 M    0.74698    0.34434    0.21452    0.18831    0.17595
457 S-zvipe_z1_2062        333.274930   1.406972  19.5607  22.4684  20.9234 -23.77   4.93208292851091e+10 0.000000 K  2  13.856888  3.763732 2.258240 0.5 0.929524 22.10877 13.00649 0 0.822696   3.87141385364941e-17   1.87410846534543e+41  4.285218 176.4295 0 0 -64.000000 191.84679  538.30188 207.26965  575.54114  200.60706  793.72614 0 RT   2577.76 2128.54  4613.45    0.00   66.266   33.133   38.497   19.249 M    0.83929    0.50357    8.46904   14.31620    8.78942
458 S-zvipe_z1_2063        333.266860   1.421234  20.3329  23.5619  21.9654 -23.37   3.41216890120609e+10 0.000000 K  4  30.571701  3.263949 0.000000 1.0 0.775143 40.15170 17.40858 0 0.958949   1.76391872851387e-17   1.24617914987420e+41  2.849434 161.2646 1 0   0.000000 127.98779  198.48805 142.71205  221.32297  220.32297  263.34500 2 X   - 859.64    0.00     0.00    0.00 -999.000 -999.000 -999.000 -999.000 X -999.00000 -999.00000 -999.00000 -999.00000 -999.00000
459 S-zvipe_z1_2064        333.262800   1.404288  19.5732  21.7357  20.6208 -23.51   3.88177427115098e+10 0.000000 K  1  24.327667  2.266531 1.044819 0.0 0.477305 63.74809 23.71111 0 0.874804   1.91554337330019e-16   1.07877985612510e+42 24.666697 116.0477 0 0  39.000000  67.87740   82.78978  78.28687   94.89634   10.71712   37.89565 0 RT+   255.95  144.56   185.76    0.00   70.261    7.998   67.565    7.691 O    0.49577    0.22854    0.56487    0.43349    0.37563
460 S-zvipe_z1_2065        333.261450   1.462814  20.8834  23.2599  21.9007 -22.51   1.54536215060599e+10 0.000000 K  1 -23.840195  4.849398 2.235462 0.0 0.323342 74.97110 26.78654 0 0.873382   4.11792399174800e-17   2.30981424373781e+41  5.281475 130.7126 0 0 -47.000000 192.03317  207.61537 240.66400  257.36942   48.75491   85.82233 0 RT+  1485.22  880.85  1005.56    0.00   56.563   28.282   38.444   19.222 M    1.06125    0.48921    3.63111    3.20217    3.04318
461 S-zvipe_z1_2066        333.261490   1.422208  20.6647  22.8549  21.5884 -22.46   1.47580783997308e+10 0.000000 K  1  -7.532486  1.144674 0.527669 0.0 0.515333 61.00495 22.96464 0 0.874864   1.96670571030088e-17   1.10778325567800e+41  2.532987 102.3857 0 0 -24.000000  87.59966  113.80275  91.13273  118.35018   14.39739   49.67730 0 RT+   161.21   91.46   119.60    0.00   35.327   17.664   14.308    7.154 M    0.25038    0.11542    0.56577    0.51936    0.46699
462 S-zvipe_z1_2068        333.250760   1.464509  21.9542  23.7035  22.4667 -20.86   3.38088511950083e+09 0.000000 K  4 -11.782555  1.141491 0.526201 0.0 0.551943 58.32900 22.23896 0 0.872468   2.49795643281393e-17   1.39753585278137e+41  3.195517  96.3291 0 0   0.000000  76.45169   89.82935  85.24702  100.16370   99.16370  131.52878 2 X   - 136.06    0.00     0.00    0.00 -999.000 -999.000 -999.000 -999.000 X -999.00000 -999.00000 -999.00000 -999.00000 -999.00000
463 S-zvipe_z1_2070        333.241550   1.464836  20.4962  21.9406  20.7519 -22.34   1.32138763839905e+10 0.000000 K  1 -48.297043  1.080878 0.498260 0.0 0.766502 40.95647 17.61723 0 0.826144   7.27733522676595e-17   3.55933797682553e+41  8.138556  67.7186 0 0 -46.000000  48.55618   84.17299  61.51363  106.59677   24.79349   69.80027 0 RT    137.11   84.24   130.66    0.00   23.130   17.802   19.487   14.999 O    0.24070    0.11096    0.29419    0.35274    0.30331
464 S-zvipe_z1_2073        333.232710   1.439974  21.7316  22.9414  22.2376 -21.16   4.45687147760308e+09 0.000000 K  2 -15.897911  1.485408 0.891245 0.5 0.441891 66.28638 24.40388 0 0.872788   5.47617098618152e-17   3.06653184379318e+41  7.011737  47.2475 0 0 -76.000000  26.66842   32.65137  26.93556   32.90031    3.42117   12.38242 0 RT     58.16   42.14    49.02    0.00   26.485    5.365   25.891    5.245 O    0.32514    0.19508    0.15377    0.14493    0.13383
465 S-zvipe_z1_2309        334.625380   1.172304  22.2190  22.6316  22.1854 -20.63   2.73545662498912e+09 0.000000 K  3  81.454491  3.181273 0.000000 1.0 0.620000 53.00000 25.88923 1 0.934659   7.06801452344953e-17   4.68677238886750e+41 10.716476  60.1952 0 0 -60.000000  47.77397   59.81949  53.27009   66.70138   34.10607  133.84903 2 RT  - 252.51    0.00     0.00    0.00 -999.000 -999.000 -999.000 -999.000 X -999.00000 -999.00000 -999.00000 -999.00000 -999.00000
466 S-zvipe_z1_2310        334.623610   1.197114  20.2709  23.6212  21.8309 -22.92   2.25439603844959e+10 0.000000 K  1 -34.921207  1.101516 0.507774 0.0 0.701844 46.63709 19.10679 0 0.841794   3.34806357949522e-17   1.71499027294580e+41  3.921388 135.9520 0 0 -62.000000  57.75361   90.64831  78.35839  123.01612   25.00113   71.04469 0 RT+   161.25   96.67   141.79    0.00   92.050   46.025   34.946   17.473 M    0.22310    0.10284    1.03398    1.03400    0.86990
467 S-zvipe_z1_2311        334.619950   1.193232  20.4490  23.1421  21.5529 -23.06   2.56466100958400e+10 0.000000 K  1  62.095139  1.227443 0.565823 0.0 0.535403 59.54332 22.56794 0 0.938028   4.86353367476129e-17   3.25377432971179e+41  7.439874 144.6250 0 0  61.000000 111.34609  147.39673  93.39188  123.65678   17.38185   53.60202 0 RT    180.62  103.59   136.01    0.00   52.083   12.253   42.690   10.043 O    0.24086    0.11103    0.84175    0.68370    0.59018
468 S-zvipe_z1_2315        334.608810   1.273146  19.5628  23.0513  21.1423 -23.92   5.66278689794926e+10 0.000000 K  2 -83.816116  4.587389 2.752434 0.5 0.685096 48.02821 19.47538 0 0.834774   8.12362722570342e-17   4.07624358887810e+41  9.320480 213.3748 0 0 -51.000000 198.63704  280.56720 217.79489  304.33762   65.97237  169.06732 1 RT   1661.38 1261.27  1616.59    0.00  192.070   96.035  120.782   60.391 M    0.93160    0.55896    8.77955    9.87147    8.79092
469 S-zvipe_z1_2316        334.600650   1.243868  19.5708  23.4900  21.5886 -23.80   5.07025593576985e+10 0.000000 K  4 -76.120766  2.760366 0.000000 1.0 0.807536 37.01185 16.60130 0 0.810996   1.88570511836592e-17   8.81231022628100e+40  2.014967 136.2502 0 0   0.000000 108.13510  179.63231 120.57542  200.29797  199.29797  233.78989 2 X   - 657.95    0.00     0.00    0.00 -999.000 -999.000 -999.000 -999.000 X -999.00000 -999.00000 -999.00000 -999.00000 -999.00000
470 S-zvipe_z1_2319        334.593980   1.187424  21.2713  22.6393  21.6728 -22.04   1.00237573064554e+10 0.000000 K  4 -38.778870  2.354489 1.085366 0.0 0.717584 45.30277 18.75454 0 0.908713   2.41729090378649e-17   1.49526317072792e+41  3.418974  66.1014 0 0   0.000000  52.46141   73.80267  58.49679   82.29324   81.29324  100.96560 2 X   - 230.57    0.00     0.00    0.00 -999.000 -999.000 -999.000 -999.000 X -999.00000 -999.00000 -999.00000 -999.00000 -999.00000
471 S-zvipe_z1_2320        334.589300   1.231839  20.1675  22.9568  21.0034 -23.21   2.94462379754397e+10 0.000000 K  1 -65.356827  1.158510 0.534047 0.0 0.706479 46.24703 19.00368 0 0.885343   5.93867920152759e-17   3.44475622672219e+41  7.876561 108.9918 0 0 -56.000000  58.05532   91.71363  66.12820  104.48995   21.47349   60.42052 0 RT    144.05   86.52   126.77    0.00   96.898   48.449   36.787   18.393 M    0.23105    0.10651    0.57406    0.57431    0.48328
474 S-zvipe_z1_2323        334.579050   1.257861  20.9894  22.9157  21.5496 -22.35   1.33361456899987e+10 0.000000 K  1  37.514969  3.271583 1.508125 0.0 0.717607 45.30077 18.75401 0 0.895427   4.78062903968051e-17   2.85159534538000e+41  6.520277  73.5861 0 0  23.000000  49.35526   74.76219  65.02031   97.66292   22.77741   58.97239 1 RT    380.22  233.75   343.73    0.00   67.364   33.682   48.732   24.366 M    0.65032    0.29978    1.26934    1.28894    1.07774
476 S-zvipe_z1_2327        334.570290   1.171803  20.5207  22.5152  20.8319 -22.72   1.87512362771562e+10 0.000000 K  1  87.557350  1.103250 0.508573 0.0 0.867979 30.45370 14.95963 0 0.843102   8.71255831113851e-17   4.47996752716809e+41 10.243609 122.7197 0 0   8.000000  51.59470  116.16055  58.65812  132.09235   38.13902  118.54323 0 RT    173.42  112.25   208.21    0.00  118.989   59.495   45.174   22.587 M    0.22334    0.10295    0.72335    0.87757    0.62638
477 S-zvipe_z1_2335        333.210670   1.445222  20.2161  22.5080  21.1228 -23.11   2.68553259170812e+10 0.000000 K  4  11.261719  1.142088 0.526477 0.0 0.723971 44.75327 18.60987 0 0.872924   1.09076244412975e-17   6.11037262399532e+40  1.397159  79.8402 0 0   0.000000  63.36522   90.00035  70.65503  100.35438   99.35438  122.73196 2 X   - 136.39    0.00     0.00    0.00 -999.000 -999.000 -999.000 -999.000 X -999.00000 -999.00000 -999.00000 -999.00000 -999.00000
478 S-zvipe_z1_2585        334.541190   1.226036  20.5572 -23.0000  20.5266 -23.00   2.42677874527229e+10 0.000000 K  4  55.434914  4.161265 1.918249 0.0 0.496498 62.36709 23.33500 0 0.899307   2.30246501917049e-17   1.38813026287559e+41  3.174011 155.7715 0 0   0.000000 123.62821  139.54510 137.85092  155.59895  154.59895  207.87956 2 X   - 770.51    0.00     0.00    0.00 -999.000 -999.000 -999.000 -999.000 X -999.00000 -999.00000 -999.00000 -999.00000 -999.00000
479 S-zvipe_z1_2588        334.553420   1.218763  21.5015  22.9992  22.1396 -21.87   8.57098058851019e+09 0.000000 K  3 -58.163300  3.165495 0.000000 1.0 0.949474 18.68221 12.27475 0 0.930024   1.31688499209561e-16   8.62564913572032e+41 19.722862  89.7611 0 0 -14.000000  71.23900  222.40019  79.43464  247.98607  162.77498  185.34274 2 RT  - 934.15    0.00     0.00    0.00 -999.000 -999.000 -999.000 -999.000 X -999.00000 -999.00000 -999.00000 -999.00000 -999.00000
480 S-zvipe_z1_2590        334.558290   1.174974  21.6137  22.7035  22.3246 -21.48   5.98452920058775e+09 0.000000 K  2 -86.933655  2.916110 1.749666 0.5 0.620000 53.00000 25.88923 1 0.843616   2.23913497628447e-17   1.15308530530129e+41  2.636572  37.4727 0 0 -90.000000  23.43627   31.70637  24.55012   32.94907    6.45004   24.87470 0 RT+   114.34   85.87   131.21    0.00   31.520   15.760   27.223   13.612 M    0.59021    0.35413    0.43480    0.53703    0.43347
482 S-zvipe_z1_2595        335.094480   1.205271  20.5212  23.3897  21.7247 -22.65   1.75804516409271e+10 0.000000 K  1  -7.071457  1.048111 0.483156 0.0 0.851129 32.39695 15.43863 0 0.800958   4.13397027937036e-17   1.87360027717075e+41  4.284056 115.1730 0 0 -47.000000 103.44531  222.92882 120.43832  259.98050   72.08492  217.58893 0 RT    324.26  207.58   368.70    0.00   78.014   39.007   16.948    8.474 M    0.16450    0.10000    0.97390    1.13867    0.83969
483 S-zvipe_z1_2597        335.095980   1.254481  21.7144  23.1093  21.7247 -21.24   4.79766677539756e+09 0.000000 K  2 -24.062149  5.341929 3.205158 0.5 0.620000 53.00000 25.88923 1 0.914207   1.31562234701125e-16   8.26004325061583e+41 18.886892  85.0239 0 0  89.000000  68.35136   91.02057  74.60017   98.36834   19.34434   74.04916 1 RT    625.32  469.85   716.32    0.00   67.205   33.602   52.869   26.434 M    0.80475    0.48285    0.80062    0.98781    0.79832
484 S-zvipe_z1_2598        335.101180   1.207863  20.1877  23.1934  21.7247 -23.46   3.70706173962131e+10 0.000000 K  2 -77.421371  2.967649 1.780589 0.5 0.873197 29.82932 14.80730 0 0.996065   2.63091488362869e-17   2.04160101689258e+41  4.668196  57.8208 0 0 -57.000000  30.10202   67.07729  29.94518   66.45216   19.50951   61.11041 0 RT+   234.68  186.54   306.64    0.00   53.580    7.097   52.944    7.013 O    0.43726    0.26236    1.14252    1.43105    1.02785
486 S-zvipe_z1_2601        335.114290   1.163868  20.9910  22.3069  21.7247 -21.81   8.11017007737755e+09 0.000000 K  1  -1.144875  3.068883 1.414685 0.0 0.603942 54.43576 21.18827 0 0.839939   6.68183644757061e-17   3.40411687932955e+41  7.783638  59.5875 0 0 -31.000000  44.31831   59.44003  55.93540   74.52801   14.06544   37.20837 0 RT    272.17  161.33   220.09    0.00   44.126    6.709   42.612    6.479 O    0.50311    0.23192    0.72618    0.60272    0.50061
487 S-zvipe_z1_2602        335.113300   1.261121  19.8091  23.1467  21.7247 -23.65   4.41600985427293e+10 0.000000 K  3 -67.345413  3.157211 0.000000 1.0 0.823660 35.36459 16.18268 0 0.927590   1.39861314671115e-16   9.10188133863152e+41 20.811785  85.4344 0 0 -23.000000  67.80505  117.15224  75.60563  130.62993   97.03088   82.20654 2 RT  - 490.79    0.00     0.00    0.00 -999.000 -999.000 -999.000 -999.000 X -999.00000 -999.00000 -999.00000 -999.00000 -999.00000
488 S-zvipe_z1_2603        335.120370   1.198860  21.3825  22.8750  21.7247 -21.43   5.71518502948853e+09 0.000000 K  1 -76.582130  2.123207 0.978750 0.0 0.599415 54.78006 21.28092 0 0.819441   3.95865395837334e-17   1.89773147800192e+41  4.339232  55.5740 0 0 -73.000000  13.22191   18.08247  17.41310   23.74575    4.25725   11.57617 0 DN     60.00   35.31    47.90    0.00   32.886   12.809   32.268   12.569 O    0.33070    0.15245    0.22711    0.20388    0.17598
489 S-zvipe_z1_2606        335.138220   1.211133  21.0682  22.9748  21.7247 -22.01   9.75057592115481e+09 0.000000 K  2  -6.137982  7.163769 4.298262 0.5 0.620000 53.00000 25.88923 1 0.830675   2.48171555297404e-17   1.23026337948085e+41  2.813042  71.5989 0 0 -67.000000  98.01516  127.58245 108.04353  139.11192   30.75994  104.70080 1 RT   1185.91  902.41  1358.36    0.00   57.749   28.875   48.184   24.092 M    1.11084    0.66650    4.55990    5.62564    4.57013
490 S-zvipe_z1_2607        335.137700   1.266361  19.8758  21.8193  21.7247 -23.63   4.33540676172147e+10 0.000000 K  2  24.867584  2.794099 1.676460 0.5 0.937076 20.87462 12.73692 0 0.970097   7.48916177636711e-17   5.44426234701881e+41 12.448505 130.5356 0 0  50.000000 105.73367  329.54932 105.32681  327.02637  116.61046  496.18881 0 RT+  1087.36  903.13  2111.22    0.00   75.956    2.329   65.223    2.000 O    0.41436    0.24861    3.35001    5.80987    3.05708
491 S-zvipe_z1_2608        335.152210   1.278837 -22.0000  22.0548  21.7247 -19.58   1.03999231872398e+09 0.000000 K  2  88.628418  2.369948 1.421969 0.5 0.620000 53.00000 25.88923 1 0.800894   2.63120551274117e-17   1.19228097089985e+41  2.726194  48.0624 0 0  16.000000  26.97163   37.44829  27.45317   37.96180    7.34267   28.63617 0 DN    107.06   80.32   122.80    0.00   39.492    2.025   39.012    2.000 O    0.37197    0.22318    0.64133    0.72466    0.55360
493 S-zvipe_z1_2610        335.161940   1.261809 -22.0000  23.0034  21.7247 -20.85   3.34988827177106e+09 0.000000 K  1  25.519417  6.197218 2.856777 0.0 0.369558 71.50809 25.83441 0 0.961027   2.75546615471148e-17   1.95712727571518e+41  4.475043  67.1106 0 1 -90.000000  46.29836   51.60755  43.61890   48.11973    5.03733   15.87175 1 DN    354.87  199.62   239.37    0.00 -999.000 -999.000 -999.000 -999.000 X -999.00000 -999.00000 -999.00000 -999.00000 -999.00000
494 S-zvipe_z1_2611        335.163440   1.278791  19.7393  22.5803  21.7247 -23.72   4.71009766250551e+10 0.000000 K  1  53.841934  1.208573 0.557125 0.0 0.760652 41.49436 17.75706 0 0.923586   4.54014892783633e-17   2.92324195729371e+41  6.684100 150.4107 0 0  50.000000 163.84378  285.53354 186.65410  325.82571   74.66582  210.46776 0 RT+   468.60  287.07   442.52    0.00   76.269   38.134   12.073    6.037 M    0.18155    0.10000    0.67267    0.70027    0.57039
495 S-zvipe_z1_2612        335.164730   1.234966  20.4233  23.2150  21.7247 -23.08   2.61234271976257e+10 0.000000 K  1   2.295074  1.258795 0.580276 0.0 0.890356 27.68778 14.29134 0 0.961953   5.06589101336617e-17   3.60672976264799e+41  8.246920  74.4203 0 1 -85.000000  46.17641  114.74519  46.27761  115.18764   35.22425  115.84048 0 RT    172.55  113.59   227.15    0.00 -999.000 -999.000 -999.000 -999.000 X -999.00000 -999.00000 -999.00000 -999.00000 -999.00000
496 S-zvipe_z1_2614        335.172220   1.218498  21.1672  23.0391  21.7247 -21.84   8.33739229631898e+09 0.000000 K  1 -69.411697  1.046496 0.482411 0.0 0.967207 15.02411 11.56185 0 0.799714   4.47519345382838e-17   2.02050744288332e+41  4.619964 115.7925 0 0  73.000000  51.21068  228.10033  64.66261  288.49557  121.40875  949.85901 0 RT    359.27  266.86  1421.37    0.00   91.379   45.689   28.381   14.190 M    0.16433    0.10000    1.71365    5.81298    1.57395
498 S-zvipe_z1_2616        335.178120   1.189997  20.0144  22.7112  21.7247 -23.70   4.62413486407619e+10 0.000000 K  1  40.204056  1.302996 0.600651 0.0 0.947719 19.00723 12.34180 0 0.995722   7.94662914587959e-17   6.16137980879259e+41 14.088221 128.6168 0 0  42.000000 127.06603  450.47577 142.40662  505.69980  189.15057  913.25574 0 RT+   784.12  553.92  1739.15    0.00  110.935   55.468   24.100   12.050 M    0.19200    0.10000    1.26356    2.50423    1.13468
499 S-zvipe_z1_2618        335.185840   1.260488  21.7020  22.9563  21.7247 -20.95   3.67308074507809e+09 0.000000 K  4  70.229874  5.567708 2.566586 0.0 0.608178 54.11252 21.10134 0 0.863405   2.97380840479829e-17   1.62147493962427e+41  3.707562  54.1445 0 0   0.000000  42.97184   53.04054  47.91550   59.14255   58.14255   76.11659 2 X   - 391.85    0.00     0.00    0.00 -999.000 -999.000 -999.000 -999.000 X -999.00000 -999.00000 -999.00000 -999.00000 -999.00000
500 S-zvipe_z1_2740        333.284590   1.414050  20.4073  22.4806  21.4093 -22.55   1.60335568019559e+10 0.000000 K  2  35.353668  1.276297 0.765778 0.5 0.701165 46.69409 19.12187 0 0.824579   9.64083741736767e-17   4.69335888455644e+41 10.731537  74.4803 0 0  73.000000  52.45856   81.21962  51.38308   79.42749   16.19106   45.50003 0 RT    120.63   90.97   119.09    0.00   64.768   32.384   29.575   14.787 M    0.28439    0.17064    0.29319    0.33220    0.29278
502 S-zvipe_z1_2745        333.300220   1.454784  21.3687  22.9690  21.5614 -21.54   6.32456324839440e+09 0.000000 K  4  42.255402  2.800454 0.000000 1.0 0.767882 40.82881 17.58409 0 0.822774   1.38774828129915e-17   6.71951223672310e+40  1.536441 170.3143 0 0   0.000000 135.17007  206.74492 150.72061  230.52972  229.52972  275.42813 2 X   - 768.25    0.00     0.00    0.00 -999.000 -999.000 -999.000 -999.000 X -999.00000 -999.00000 -999.00000 -999.00000 -999.00000
504 S-zvipe_z1_3349        334.918220   1.170193  21.7643  23.0278  21.9436 -21.19   4.58173941711801e+09 0.000000 K  1   5.022209  1.125723 0.518933 0.0 0.676055 48.76790 19.67190 0 0.860325   4.86256962437367e-17   2.62807272238952e+41  6.009184  79.0373 0 0 -16.000000  49.13379   74.47763  60.21329   91.27990   17.58294   50.01942 0 RT    122.28   72.70   104.20    0.00   52.689   26.345   20.320   10.160 M    0.23137    0.10666    0.33196    0.32640    0.27845
506 S-zvipe_z1_3488        334.977690   1.224832  20.6756  23.6203  21.8987 -22.89   2.19295609991444e+10 0.000000 K  1  19.766495  1.268707 0.584845 0.0 0.762830 41.29472 17.70513 0 0.969577   6.58170245584725e-17   4.77825107939729e+41 10.925646 108.3142 0 0  25.000000  86.71617  149.79248  95.70088  165.32671   38.09414  107.32864 0 RT    249.60  153.08   236.50    0.00   34.714   15.390   28.649   12.701 O    0.25219    0.11625    0.58217    0.59213    0.47515
508 S-zvipe_z1_3496        334.994010   1.226222  19.7237  22.4388  20.8924 -23.54   3.99052974173982e+10 0.000000 K  1 -71.180054  3.013227 1.389029 0.0 0.538594 59.30980 22.50463 0 0.824718   3.44828233452516e-17   1.67939446215273e+41  3.839997 215.8435 1 1 -69.000000 212.61661  265.85629 194.18285  240.72339   39.62814  105.76089 0 RT    863.17  502.79   654.11    0.00 -999.000 -999.000 -999.000 -999.000 X -999.00000 -999.00000 -999.00000 -999.00000 -999.00000
509 S-zvipe_z1_3498        334.998100   1.177401  21.2241  23.4869  22.3471 -22.22   1.18312301659664e+10 0.000000 K  1 -68.806168  5.138900 2.368916 0.0 0.263833 79.88545 28.14162 0 0.925489   7.43678657895079e-17   4.81268320271927e+41 11.004376 125.3076 0 0 -89.000000 131.83789  140.37181 169.24155  178.25717   37.92867   56.18745 1 RT+  1090.09  658.61   724.41    0.00  107.959   53.980   69.651   34.826 M    1.03404    0.47667    2.76505    2.41978    2.33278
510 S-zvipe_z1_3500        335.000910   1.164537  21.6233  22.9615  21.7254 -21.44   5.76806820221979e+09 0.000000 K  2  -3.119537  1.216541 0.729925 0.5 0.620000 53.00000 25.88923 1 0.821218   2.63819133148239e-17   1.27147979530864e+41  2.907285  61.1549 0 0 -58.000000  21.15455   30.01426  19.83398   28.11931    5.60242   21.25408 0 DN     40.71   30.63    46.75    0.00   50.396    2.522   48.461    2.425 O    0.25377    0.15226    0.42350    0.47903    0.36623
511 S-zvipe_z1_3506        335.011240   1.173127  20.6529  23.5139  21.8872 -22.95   2.31755733659032e+10 0.000000 K  1 -25.051582  2.490502 1.148065 0.0 0.795488 38.20409 16.90648 0 0.961210   2.35436216338901e-17   1.67302165707449e+41  3.825425 161.7431 0 1  62.000000 114.63790  203.59450 127.93208  225.94337   56.59760  159.97751 0 RT    669.63  418.06   673.25    0.00 -999.000 -999.000 -999.000 -999.000 X -999.00000 -999.00000 -999.00000 -999.00000 -999.00000
512 S-zvipe_z1_3507        335.012940   1.204718  20.0242  22.7056  21.2175 -23.24   3.02712317139705e+10 0.000000 K  1 -70.387398  1.075759 0.495901 0.0 0.780561 39.64057 17.27640 0 0.822108   2.66853148398962e-17   1.28953383449888e+41  2.948566  50.5623 0 0 -64.000000  28.02229   50.07175  37.62519   67.23648   16.16623   45.69271 0 RT     86.07   53.25    84.11    0.00   48.579    8.438   46.130    8.012 O    0.22432    0.10341    0.90530    0.86289    0.64300
514 S-zvipe_z1_3645        333.241790   1.491537  21.3398  22.8286  21.7578 -21.72   7.46500151622550e+09 0.000000 K  1  15.282471  5.986011 2.759415 0.0 0.139922 90.00000 30.94224 0 0.928319   3.82966278898340e-17   2.49710749989270e+41  5.709728 104.4506 0 0   5.000000 130.39406  135.05327 120.43311  123.39886   25.39063   22.76968 0 RT+   879.01  528.05   519.39    0.00   60.154   30.077   51.800   25.900 M    1.28731    0.59342    2.42829    2.03245    2.04444
516 S-zvipe_z1_3648        333.261760   1.468715  22.2787  22.8278  22.1899 -20.42   2.25439596109858e+09 0.000000 K  2  11.266434  1.157863 0.533748 0.0 0.620000 53.00000 25.88923 1 0.884981   1.66901627824743e-16   9.67144917007726e+41 22.114122  58.0329 0 0  66.000000  18.91537   26.91272  19.40885   27.60494    5.51310   20.86877 0 DN     38.04   22.74    40.08    0.00   45.522    2.091   43.533    2.000 O    0.25240    0.11635    0.08583    0.08539    0.05809
517 S-zvipe_z1_3649        333.263350   1.496136  21.0990  22.9541  22.0647 -21.95   9.22636181202774e+09 0.000000 K  1 -13.123421  1.142031 0.526450 0.0 0.673726 48.95720 19.72225 0 0.872904   6.43288240474402e-17   3.60345287369604e+41  8.239427  36.1133 0 0  81.000000  19.96239   30.07507  22.12686   33.32410    6.65172   18.24793 0 DN     45.29   27.07    38.58    0.00   35.302    9.177   33.760    8.776 O    0.24997    0.11523    0.16170    0.14317    0.11704
519 S-zvipe_z1_817         333.481050   0.927730  22.2158  22.8870  21.8175 -20.66   2.81209577290068e+09 0.000000 K  2 -20.529037  3.520706 2.112423 0.5 0.620000 53.00000 25.88923 1 0.910928   2.46636675220240e-17   1.53481577249688e+41  3.509413  76.5108 0 0  -2.000000  49.46438   64.90919  54.13551   70.27385   15.34346   52.91887 0 RT    294.42  223.70   337.34    0.00   71.306   35.653   60.863   30.432 M    1.02531    0.61518    1.83235    2.26105    1.83534
520 S-zvipe_z1_819         333.495610   0.920368  22.8775  22.7055  22.4718 -19.94   1.44887319549023e+09 0.000000 K  2  14.106056  3.301965 1.981179 0.5 0.620000 53.00000 25.88923 1 0.920533   2.89209285939184e-17   1.84695875566929e+41  4.223139  50.7071 0 0   9.000000  37.78679   49.80267  42.96439   56.02765   11.64197   42.20821 0 RT    220.15  166.35   252.31    0.00   52.403   26.202   47.296   23.648 M    0.95880    0.57528    0.96764    1.19421    0.96705
521 S-zvipe_z1_822         333.505280   0.951796  22.5148  22.4666  22.0757 -20.02   1.55966148602202e+09 0.000000 K  2  15.397034  1.159961 0.695977 0.5 0.620000 53.00000 25.88923 1 0.809772   3.05264006671336e-16   1.42127170654292e+42 32.497898  72.4653 0 0 -65.000000  15.17088   21.14549  16.48767   22.90137    4.70808   17.34894 0 DN     31.61   23.86    36.35    0.00   65.790   10.833   64.785   10.668 O    0.35029    0.21017    0.08056    0.09208    0.07092
522 S-zvipe_z1_827         333.525680   0.909852  21.3270  22.6978  21.9527 -21.48   5.98452920058775e+09 0.000000 K  1  56.225372  1.077794 0.496839 0.0 0.839404 33.69108 15.76137 0 0.823708   4.21096122907127e-17   2.04466023653338e+41  4.675190  86.1784 0 0  89.000000  83.41398  168.23964  92.51052  186.08910   50.30597  149.23827 0 RT    238.67  151.78   262.72    0.00   35.946   17.973   17.950    8.975 M    0.32364    0.14919    0.70202    0.80339    0.60373
525 S-zvipe_z1_830         333.548120   0.896780  20.5630  23.7716  21.9295 -22.63   1.72595649541959e+10 0.000000 K  2  22.301376  1.208351 0.725011 0.5 0.620000 53.00000 25.88923 1 0.823754   4.89092143984239e-17   2.37514212131234e+41  5.430850 107.3920 0 0 -14.000000  12.30910   17.13342  13.11985   18.19486    3.93276   13.83693 0 DN     26.16   19.86    30.16    0.00   85.868   23.058   84.656   22.733 O    0.36284    0.21770    0.30547    0.35572    0.27736
528 S-zvvd_z1_186          333.531610   0.916183  19.4836  23.0645  22.1749 -23.85   5.30921533603389e+10 0.000000 K  1   8.340164  3.805649 1.754318 0.0 0.481583 63.44072 23.62735 0 0.822470   5.66115904371580e-17   2.73865164438840e+41  6.262027  86.1527 0 0  28.000000  93.43927  108.38839  99.82282  114.54375   12.11942   45.60226 0 RT+   518.74  291.96   375.99    0.00   39.489    6.126   39.410    6.113 O    1.14332    0.52705    1.32220    1.02337    0.88869
529 S-zvvd_z1_204          333.541060   0.943260  19.3971  22.1028  21.1579 -24.37   8.57098088259075e+10 0.000000 K  1  81.313950  1.265743 0.583479 0.0 0.914205 24.43169 13.52951 0 0.967326   5.15723371732751e-17   3.72264752099315e+41  8.511970  68.8398 0 0 -79.000000  50.91289  137.72014  71.54362  193.01048   63.89847  229.20065 0 RT    290.72  196.34   440.69    0.00   27.237   11.755   24.719   10.668 O    0.36276    0.16722    0.70018    0.99340    0.59096
530 S-zvvd_z1_206          333.533790   0.944572  20.1342  23.4423  22.5146 -23.20   2.91763183433431e+10 0.000000 K  1   9.010323  5.206606 2.400127 0.0 0.425175 67.48436 24.73148 0 0.807420   4.53253411404259e-17   2.09524034775148e+41  4.790844  71.7641 0 0 -81.000000  70.57363   78.03751  80.77602   88.49847   12.19724   31.99447 1 RT    548.32  313.95   382.26    0.00   53.894   26.947   50.952   25.476 M    1.57384    0.72551    1.82906    1.63310    1.51436
532 S-zvvd_z1_432          334.944590   0.359844  21.2893  23.2583  22.3340 -21.84   8.33739229631898e+09 0.000000 K  1 -48.212219  2.096490 0.966434 0.0 0.705856 46.29958 19.01756 0 0.809154   1.34969046789643e-17   6.27218878199158e+40  1.434159  93.2019 0 0 -21.000000  42.45289   63.52188  56.10687   83.29815   18.85436   48.17060 0 RT    207.81  127.00   182.89    0.00   76.621   38.311   53.480   26.740 M    0.56286    0.25946    2.89601    2.89734    2.45347
534 S-zvvd_z1_450          334.713640   0.915632  20.2841  22.5085  21.5383 -22.94   2.29630935881878e+10 0.000000 K  1  45.514015  6.153125 2.836451 0.0 0.452034 65.55989 24.20542 0 0.840097   3.85614823310033e-17   1.96545464828126e+41  4.494084  62.7089 0 1  59.000000  46.56164   52.41854  47.86539   53.36090    5.18250   20.35509 1 RT    390.72  219.04   278.20    0.00 -999.000 -999.000 -999.000 -999.000 X -999.00000 -999.00000 -999.00000 -999.00000 -999.00000
535 S-zvvd_z1_458          334.661040   0.939539  19.4286  22.7972  21.7476 -24.16   7.06366555536256e+10 0.000000 K  1 -15.884331  1.209387 0.557500 0.0 0.772007 40.44520 17.48460 0 0.924319   2.92434546601723e-17   1.88657755654477e+41  4.313729  83.9958 0 0  30.000000  85.79635  149.60085 107.26097  186.83968   44.82286  123.88475 0 RT    268.89  166.28   258.40    0.00   26.526   16.044   20.684   12.511 O    0.28522    0.13148    0.90379    0.99908    0.82828
536 S-zvvd_z1_475          334.674230   0.966867  19.6409  22.4408  22.0042 -23.84   5.26053904757133e+10 0.000000 K  1  -3.551956  3.292844 1.517926 0.0 0.718707 45.20650 18.72917 0 0.901272   1.04456727910938e-16   6.33158453804924e+41 14.477400  67.8462 0 0 -56.000000  64.71352   97.09184  76.26320  113.31145   26.45110   67.26128 0 RT    444.01  273.02   397.11    0.00   56.237   28.119   43.929   21.965 M    0.78210    0.36053    0.75305    0.76011    0.63942
537 S-zvvd_z1_476          334.666270   0.968917  19.9281  22.6577  21.2507 -23.18   2.86437784339351e+10 0.000000 K  1  79.762009  1.071620 0.493992 0.0 0.790061 38.73132 17.04198 0 0.819011   1.36841586515672e-16   6.55156105392056e+41 14.980385 219.9709 0 0  63.000000 169.48082  306.40668 185.50520  335.03943   81.53331  232.43013 0 RT+   427.25  265.03   423.49    0.00  112.661   56.330   23.874   11.937 M    0.26214    0.12084    0.72992    0.78199    0.62181
539 S-zvvd_z1_503          334.963170   0.428393  21.8150  23.2074  22.3897 -21.68   7.19499169141558e+09 0.000000 K  3 -83.671295  3.375954 0.000000 1.0 0.752214 42.26077 17.95677 0 0.991857   2.84792631385903e-17   2.18699158015146e+41  5.000637  44.0447 0 0 -11.000000  34.95611   51.97889  38.97761   57.95876   32.12634   40.34241 2 RT  - 232.84    0.00     0.00    0.00 -999.000 -999.000 -999.000 -999.000 X -999.00000 -999.00000 -999.00000 -999.00000 -999.00000
540 S-zvvd_z1_588          334.885050   0.350290  20.8953  23.2939  21.8819 -22.56   1.61819168899459e+10 0.000000 K  2 -20.848389  4.266132 2.559680 0.5 0.602588 54.53882 21.21600 0 0.876556   2.09371379053312e-17   1.18495356000712e+41  2.709440 104.7586 1 0 -36.000000  32.87107   42.02601  36.07387   45.62008    8.90506   22.10972 1 DN    231.60  173.89   212.57    0.00 -999.000 -999.000 -999.000 -999.000 X -999.00000 -999.00000 -999.00000 -999.00000 -999.00000
541 S-zvvd_z1_768          334.918150   0.614130  20.5132  23.9281  22.0070 -23.10   2.66091091960860e+10 0.000000 K  4  19.040855  2.942921 0.000000 1.0 0.678079 48.60291 19.62804 0 0.864631   3.47122014721859e-17   1.89932229465363e+41  4.342870 169.7469 0 0   0.000000 134.71980  179.59175 150.21854  200.25275  199.25275  250.33331 2 X   - 701.30    0.00     0.00    0.00 -999.000 -999.000 -999.000 -999.000 X -999.00000 -999.00000 -999.00000 -999.00000 -999.00000
542 S-zvvd_z1_888          334.908320   0.335392  22.0955  23.6132  22.5308 -20.67   2.83811637341105e+09 0.000000 K  3 -43.825745  2.834610 0.000000 1.0 0.620000 53.00000 25.88923 1 0.832809   2.95665096216534e-17   1.47499340976306e+41  3.372627  63.2160 0 0 -49.000000  50.17141   62.82140  55.94334   70.04865   32.85033   70.98304 2 RT  - 236.29    0.00     0.00    0.00 -999.000 -999.000 -999.000 -999.000 X -999.00000 -999.00000 -999.00000 -999.00000 -999.00000
543 S-zvvd_z1_942          334.914340   0.424806  23.4108  24.6241  23.5741 -19.23   7.53407565559135e+08 0.000000 K  3 -39.436119  2.751693 0.000000 1.0 0.620000 53.00000 25.88923 1 0.808448   1.47298271184108e-17   6.83047506746638e+40  1.561813 166.3846 0 0 -75.000000 132.05130  165.34615 147.24304  184.36826  172.92905  192.69844 2 RT  - 603.72    0.00     0.00    0.00 -999.000 -999.000 -999.000 -999.000 X -999.00000 -999.00000 -999.00000 -999.00000 -999.00000
544 S-zvvd_z1_944          334.915570   0.400682  22.3069  24.3886  22.8114 -20.97   3.74136342042926e+09 0.000000 K  4  16.081078  2.666667 0.000000 1.0 0.620000 53.00000 25.88923 1 0.783468   7.65080054535788e-18   3.28428738072016e+40  0.750964  97.1716 0 0   0.000000  77.12029   96.56506  85.99252  107.67430  106.67430  137.79866 2 X   - 341.69    0.00     0.00    0.00 -999.000 -999.000 -999.000 -999.000 X -999.00000 -999.00000 -999.00000 -999.00000 -999.00000
545 U-HiZ_z1_100            34.498042  -4.720136  20.7002  22.8057  21.6175 -22.56   1.61819168899459e+10 0.000000 K  2 -31.110931  1.503603 0.902162 0.5 0.997238  4.34771  4.34771 0 0.832981   1.62760563580235e-17   8.12381037748813e+40  1.857539  62.1087 0 0 -17.000000  43.58232  629.64807  49.24900  707.25415  352.61218 1000.00000 0 RT   1265.48 1174.78  2313.03    0.00   72.114   36.057   60.612   30.306 M    0.46977    0.28186   20.09057   34.53456   22.04630
546 U-HiZ_z1_101            34.503400  -4.709059  21.7514  22.8655  22.1372 -21.30   5.07025576180333e+09 0.000000 K  2  -1.237907  2.520522 1.512313 0.5 0.707212 46.18513 17.58239 0 0.830326   6.30742560527088e-17   3.12354583234182e+41  7.142102  84.8736 0 0 -90.000000  73.91530  108.62966  79.15784  115.16445   25.09732   58.45358 0 RT    345.43  262.40   323.05    0.00   54.325    3.525   53.861    3.495 O    0.78830    0.47298    1.38621    1.36345    1.20632
547 U-HiZ_z1_103            34.505617  -4.733712  20.4901  22.2481  21.2224 -22.40   1.39646490696788e+10 0.000000 K  1  -7.220993  1.736398 0.678085 0.0 0.538538 59.31394 20.64877 0 0.602073   1.75841694253493e-17   3.96604734554239e+40  0.906851  90.8247 0 0   4.000000 138.47314  171.29498 156.36371  191.53592   30.14275   72.30587 0 RT    395.77  198.29   255.81    0.00   33.270    3.881   30.902    3.605 O    0.61651    0.24075    4.92398    3.32147    2.85962
548 U-HiZ_z1_106            34.509512  -4.742093  22.1396  23.2903  22.5108 -21.12   4.29566600641164e+09 0.000000 K  3   9.082817  2.190873 0.000000 1.0 0.979844 11.76420 11.76420 0 0.841735   6.34984369211598e-17   3.25203863444369e+41  7.435905  65.0441 0 0  15.000000  51.62231  253.19395  57.56116  282.32245  262.14322 1000.00000 2 RT  - 736.05    0.00     0.00    0.00 -999.000 -999.000 -999.000 -999.000 X -999.00000 -999.00000 -999.00000 -999.00000 -999.00000
549 U-HiZ_z1_107            34.516025  -4.742606  20.3382  22.8206  21.4112 -22.87   2.15293301404895e+10 0.000000 K  1 -74.759094  4.509122 1.760868 0.0 0.401423 69.19250 23.00625 0 0.840883   4.94845337400927e-17   2.52801514072667e+41  5.780399  82.5706 0 0 -57.000000 169.32957  186.17336 198.80978  216.37511   32.61981   64.69841 0 RT+  1161.04  578.35   679.54    0.00   57.708   28.854   47.631   23.816 M    1.40453    0.54849    3.43727    2.74617    2.59878
550 U-HiZ_z1_109            34.522425  -5.000981  22.7473  23.1564  22.8335 -20.49   2.40452931427630e+09 0.000000 z' 1  58.032166  1.962889 0.588867 0.0 0.732112 44.04558 13.80912 0 0.789771   5.60839906174930e-17   2.45543096979390e+41  5.614433  38.2066 0 0 -23.000000  12.26055   19.32417  15.61645   24.46786    4.81246    9.52490 0 DN     57.15   24.40    33.43    0.00   36.973    2.870   36.764    2.854 O    0.44982    0.13494    0.21447    0.12394    0.10085
551 U-HiZ_z1_111            34.523250  -4.867435  21.2746  23.3666  22.0937 -21.93   9.05795790904991e+09 0.000000 K  3  76.590256  2.153069 0.000000 1.0 0.737266 43.59322 16.99054 0 0.827210   4.53396178518364e-17   2.22461037935675e+41  5.086653  68.9686 0 0 -81.000000  54.73695   79.38254  61.03412   88.51504   80.35384   86.24060 2 RT  - 226.79    0.00     0.00    0.00 -999.000 -999.000 -999.000 -999.000 X -999.00000 -999.00000 -999.00000 -999.00000 -999.00000
552 U-HiZ_z1_113            34.527929  -4.711201  20.9934  22.7800  21.7089 -22.12   1.07902253038925e+10 0.000000 K  1 -50.926193  3.499601 1.366638 0.0 0.410801 68.51686 22.84405 0 0.840482   2.86138018694168e-17   1.46007425896120e+41  3.338513 118.5202 0 0 -56.000000 111.25555  124.47184 111.99567  123.93973    8.80819   37.89777 1 RT+   516.15  243.80   304.64    0.00   75.702   37.851   62.336   31.168 M    1.09024    0.42575    3.42120    2.74208    2.54632
553 U-HiZ_z1_114            34.530025  -4.928184  20.9079  23.0185  21.7592 -22.37   1.35840888806634e+10 0.000000 K  3  83.309189  2.167392 0.000000 1.0 0.627557 52.61990 19.07314 0 0.832713   1.02802539313616e-16   5.12708027814024e+41 11.723257 109.7525 0 0  20.000000  87.10517  109.61788  97.12612  122.22879  108.14297  124.72160 2 RT  - 315.25    0.00     0.00    0.00 -999.000 -999.000 -999.000 -999.000 X -999.00000 -999.00000 -999.00000 -999.00000 -999.00000
554 U-HiZ_z1_116            34.530929  -4.742256  20.3347  21.9892  20.9575 -22.68   1.80730022525335e+10 0.000000 K  1  16.886757  2.425757 0.947289 0.0 0.966974 15.07779 11.26169 0 0.841097   2.66090570871612e-17   1.36022877688946e+41  3.110213  72.4374 0 0   2.000000  83.54935  341.67877  94.21468  381.52991  157.91708 1000.00000 0 RT+  1101.34  745.80  3473.03    0.00   30.173    4.497   29.866    4.452 O    0.75553    0.29504    4.53614   12.16405    3.18318
556 U-HiZ_z1_123            34.557654  -5.025086  20.5293  22.5383  21.3114 -22.61   1.69445650095140e+10 0.000000 K  2 -53.397629  2.272563 1.363538 0.5 0.679074 48.52174 18.12050 0 0.838423   5.25068266649559e-17   2.66312160990335e+41  6.089325 192.4550 0 0 -66.000000  97.94164  142.48708 101.38414  146.50481   27.01815   70.53242 0 RT+   396.20  295.95   362.69    0.00  174.303   87.152   82.883   41.442 M    0.51051    0.30631    2.90903    3.16988    2.89387
557 U-HiZ_z1_124            34.564271  -4.996093  21.0260  22.8950  21.8386 -22.35   1.33361456899987e+10 0.000000 K  2 -45.561485  2.599107 1.559464 0.5 0.946094 19.30346 11.94903 0 0.589536   1.56761134139193e-17   3.35971220601125e+40  0.768211  46.7903 0 0  -1.000000  41.30087  132.12720  44.71098  141.56664   51.71484  224.03102 1 RT    437.86  366.02   881.84    0.00   59.684   29.842   53.475   26.737 M    0.67146    0.40288    8.42815   15.67714    8.79539
558 U-HiZ_z1_128            34.571450  -5.015081  22.2190  23.1290  22.4343 -21.00   3.84618500741762e+09 0.000000 K  2  80.636444  2.421000 1.452600 0.5 0.921419 23.36474 12.68892 0 0.840074   8.27206536453766e-17   4.21593674731344e+41  9.639894  70.6703 0 0  69.000000  29.36493   80.39989  30.68882   83.41404   27.27981   95.17780 0 RT    240.32  195.42   368.67    0.00   73.799    4.320   73.587    4.308 O    0.54352    0.32611    1.08829    1.54328    0.98307
559 U-HiZ_z1_129            34.572313  -4.779104  20.7055  22.7238  21.5469 -22.46   1.47580783997308e+10 0.000000 K  4  29.381783  4.537530 1.771962 0.0 0.387367 70.20941 23.25062 0 0.846175   3.61455001712967e-17   1.87532396142649e+41  4.287997  95.2883 0 0   0.000000  75.62560   80.37270  84.32589   89.61912   88.61912  123.05463 2 X   - 483.91    0.00     0.00    0.00 -999.000 -999.000 -999.000 -999.000 X -999.00000 -999.00000 -999.00000 -999.00000 -999.00000
560 U-HiZ_z1_132            34.578412  -4.958827  20.0641  21.4228  20.5528 -22.93   2.27525618811944e+10 0.000000 K  1  76.752640  2.427185 0.947846 0.0 0.870502 30.15314 14.04576 0 0.841549   5.04833359670384e-17   2.58407002563042e+41  5.908571  65.8750 0 0 -82.000000  49.59799  107.20838  55.68921  119.49925   33.53892   96.87937 0 RT    345.16  197.53   369.61    0.00   28.610    4.648   27.816    4.519 O    0.54460    0.21267    0.83693    0.82959    0.53200
561 U-HiZ_z1_134            34.588317  -5.000393  23.5964  24.0455  23.5524 -19.53   9.93185651123665e+08 0.000000 K  2 -65.979858  1.828235 0.713949 0.0 0.620000 53.00000 25.88923 1 0.839251   5.87859791020102e-17   2.98885473014459e+41  6.834126  50.2591 0 0  55.000000   4.62368    6.39437   4.62372    6.36444    2.32443    5.19007 0 DN     13.85    8.81    14.90    0.00   41.839    4.572   41.440    4.528 O    0.41057    0.16033    0.05301    0.05236    0.10000
563 U-HiZ_z1_139            34.609575  -4.783706  21.1344  22.6762  21.6976 -22.12   1.07902253038925e+10 0.000000 K  1  72.713402  1.833442 0.715982 0.0 0.541225 59.11697 20.60212 0 0.841691   8.67936305744012e-17   4.44452134045860e+41 10.162560  93.7063 0 0  79.000000  55.49389   72.08862  56.32971   72.93877    9.53222   27.66398 0 RT+   159.14   77.98   103.09    0.00   60.510    3.374   55.596    3.100 O    0.34997    0.13667    0.61459    0.41038    0.34717
564 U-HiZ_z1_144            34.613892  -4.784817  23.5210  24.4789  23.7743 -19.73   1.19407052999737e+09 0.000000 K  2 -55.235943  1.161844 0.697106 0.5 0.620000 53.00000 25.88923 1 0.842941   1.28508080718275e-17   6.60474069284260e+40  1.510198  40.4081 0 0 -23.000000  44.36238   63.40760  39.33844   56.24183   10.73941   42.38699 0 RT     77.76   58.26    89.14    0.00   26.575    2.681   25.155    2.538 O    0.22167    0.13300    0.68829    0.77985    0.59696
565 U-HiZ_z1_146            34.615650  -4.761785  23.2712  24.1550  23.6489 -19.92   1.42242767926059e+09 0.000000 K  2  40.222321  1.469599 0.881760 0.5 0.620000 53.00000 25.88923 1 0.834914   2.91878086681570e-17   1.46517938399790e+41  3.350186  79.3372 0 0  62.000000 127.18222  179.60556 122.11705  172.20366   32.42695  129.63704 0 RT+   301.15  225.36   344.99    0.00   46.560   36.624   36.964   29.076 O    0.28124    0.16875    1.93853    2.66580    2.26054
567 U-HiZ_z1_148            34.617867  -5.079322  21.1232  21.9394  21.3469 -22.01   9.75057592115481e+09 0.000000 K  1  29.812119  1.146017 0.447534 0.0 0.789667 38.76938 15.90603 0 0.839186   7.19516827968595e-17   3.65754765395800e+41  8.363116  69.3847 0 0   1.000000  47.29597   87.50777  56.04114  103.89751   24.23984   63.58185 0 RT    141.69   76.70   122.40    0.00   66.613   33.307   19.393    9.697 M    0.15557    0.10000    0.28697    0.27576    0.22290
568 U-HiZ_z1_150            34.623408  -4.815101  22.2419  22.8888  22.4003 -20.89   3.47560109871885e+09 0.000000 K  2 -64.775414  2.219432 1.331659 0.5 0.944220 19.63976 12.00767 0 0.842428   3.27040013485586e-17   1.67831771012132e+41  3.837535  67.1392 0 0  76.000000  39.41809  129.31357  41.09690  134.15312   48.25910  205.35735 0 RT    354.32  294.97   693.23    0.00   61.358   30.679   50.805   25.403 M    0.42353    0.25412    2.24783    4.08267    2.34142
569 U-HiZ_z1_197            34.799317  -4.890717  19.5630  23.2689  21.4097 -23.76   4.88686428956816e+10 0.000000 K  4  -3.225128  1.149124 0.448747 0.0 0.874194 29.70869 13.95337 0 0.841543   2.54050835218713e-17   1.30038000491302e+41  2.973366 358.8238 0 0   0.000000 284.78076  574.62927 317.54315  640.73706  639.73706  715.10675 2 X   - 876.18    0.00     0.00    0.00 -999.000 -999.000 -999.000 -999.000 X -999.00000 -999.00000 -999.00000 -999.00000 -999.00000
570 U-HiZ_z1_201            34.840983  -4.698756  23.5304  24.0705  23.5070 -19.35   8.41453872370710e+08 0.000000 K  1 -75.209259  1.833899 0.716160 0.0 0.508271 61.51661 21.17153 0 0.841969   5.76592471947800e-17   2.95501110807289e+41  6.756741  48.4043 0 0 -78.000000  29.52760   37.62919  37.17342   47.25502    5.75962   17.02063 0 RT+   103.13   50.20    65.20    0.00   37.869    6.107   37.052    5.975 O    0.32161    0.12559    0.35523    0.23952    0.20706
571 U-HiZ_z1_203            34.848829  -4.698824  23.0504  24.2081  23.5304 -19.82   1.29726900411395e+09 0.000000 K  2 -19.141502  3.154537 1.892722 0.5 0.620000 53.00000 25.88923 1 0.842769   2.71000431702786e-17   1.39211974576346e+41  3.183133  59.3336 0 0 -82.000000  33.71792   45.79965  36.10313   48.67659    9.27731   36.68368 0 RT    182.73  136.89   209.46    0.00   51.426   25.713   44.077   22.039 M    0.55305    0.33183    0.94021    1.16052    0.93641
572 U-HiZ_z1_204            34.852354  -4.737971  21.2548  23.1160  22.2399 -22.15   1.10925150060023e+10 0.000000 K  1 -65.893967  1.828518 0.714059 0.0 0.580175 56.23120 19.92051 0 0.839485   7.01741912462517e-17   3.57031679426609e+41  8.163660 111.1982 0 0 -47.000000  63.71926   85.85843  72.75159   97.78524   14.20558   39.53765 0 RT+   212.77  105.50   142.33    0.00   72.783    4.988   65.766    4.507 O    0.32097    0.12534    1.13842    0.77803    0.64870
573 U-HiZ_z1_205            34.875246  -4.722936  20.4177  23.4484  22.1315 -23.22   2.97187069298315e+10 0.000000 K  1 -67.888412  2.433110 0.950160 0.0 0.658210 50.20669 18.51090 0 0.843691   4.02386374532595e-17   2.07261908803316e+41  4.739120 128.0008 0 0 -90.000000 158.03622  226.70798 177.87584  253.89073   44.75389  117.43237 0 RT+   735.12  374.81   529.54    0.00   80.244   40.122   24.773   12.386 M    0.42642    0.16652    1.85575    1.62082    1.41326
574 U-HiZ_z1_208            34.896675  -4.694981  21.0559  22.5632  21.7103 -22.00   9.66118006580254e+09 0.000000 K  1  -4.417358  4.971026 1.941248 0.0 0.439611 66.44967 22.34856 0 0.836158   7.88127601316686e-17   3.97080449450997e+41  9.079390 128.0988 0 0  -7.000000 152.71779  175.62173 141.03598  160.48634   20.49338   51.84277 0 RT+   949.36  464.16   572.56    0.00  104.686    4.274  102.298    4.177 O    0.87370    0.34119    4.13520    2.63136    2.32777
576 U-HiZ_z1_31             34.228033  -4.978422  21.5732  22.4421  21.8721 -21.50   6.09579247703297e+09 0.000000 K  1 -36.300510  2.957641 1.154996 0.0 0.406205 68.84773 22.92347 0 0.835748   1.16045858565625e-16   5.83964457901522e+41 13.352561  79.0220 0 0 -39.000000 103.37442  115.96059 124.14642  137.75533   22.72624   41.60649 0 RT+   484.84  244.59   284.84    0.00   32.581    2.513   32.077    2.474 O    0.99516    0.38862    0.67640    0.42569    0.38978
577 U-HiZ_z1_33             34.236263  -4.756204  21.1807  23.6793  22.2952 -22.10   1.05932770276157e+10 0.000000 K  1  -5.900749  1.826170 0.713142 0.0 0.578959 56.32227 19.94197 0 0.838368   2.15337467621350e-17   1.09200474817894e+41  2.496909 104.2738 0 0  19.000000  30.87594   40.97120  27.46684   36.27541    5.57077   14.75463 1 DN     78.83   39.36    52.90    0.00   88.877   44.439   73.336   36.668 M    0.41168    0.16077    1.09699    0.92716    0.83001
578 U-HiZ_z1_34             34.241733  -5.040721  20.6102  22.4823  21.3220 -22.51   1.54536215060599e+10 0.000000 K  1 -51.556190  1.139827 0.445117 0.0 0.595438 55.08157 19.65004 0 0.834664   8.79630245037317e-17   4.41233712068388e+41 10.088970 106.4705 0 0 -51.000000  73.53036   99.41659  92.88135  125.06530   18.86993   54.65632 0 RT    169.64   84.51   118.31    0.00   81.602   17.995   76.236   16.812 O    0.38368    0.14983    1.18486    0.86949    0.72101
579 U-HiZ_z1_37             34.254654  -4.982260  22.0788  23.2848  22.4848 -21.24   4.79766677539756e+09 0.000000 K  1 -42.757023  3.476470 1.357605 0.0 0.229906 83.35456 26.43009 0 0.834886   9.42817041113279e-17   4.73239527938748e+41 10.820795  89.5996 0 0 -45.000000  62.48072   65.22208  58.28178   60.18384    7.36023   11.92019 0 DN    248.98  121.24   129.73    0.00   72.555   36.277   64.994   32.497 M    1.17011    0.45694    0.74569    0.57187    0.55994
582 U-HiZ_z1_43             34.278554  -4.958976  20.7343  23.1976  21.8302 -22.62   1.71013547466145e+10 0.000000 K  1  43.262711  2.226726 0.869564 0.0 0.712890 45.70357 17.47201 0 1.022187   5.25676076336599e-17   4.34894318859583e+41  9.944018 142.7657 0 0  22.000000  78.30043  117.87850  79.75082  119.06372   23.65444   61.12108 0 RT    315.50  164.50   242.16    0.00  152.113   76.057  109.434   54.717 M    0.70905    0.27689    2.17987    1.96482    1.67208
583 U-HiZ_z1_44             34.280683  -4.993241  19.5568  21.5320  20.3382 -23.48   3.77598275601379e+10 0.000000 K  1  84.164551  3.472109 1.355902 0.0 0.625779 52.75785 19.10539 0 0.833836   5.89932297184684e-17   2.95195809055125e+41  6.749760 159.8836 0 0 -80.000000 147.18623  191.70287 158.28346  203.93672   34.90869   89.05656 0 RT+   842.63  427.54   587.43    0.00   38.580   11.470   37.706   11.210 O    1.16912    0.45656    2.05249    1.56041    1.32475
584 U-HiZ_z1_49             34.291542  -4.753947  21.3506  22.6346  21.7743 -22.01   9.75057592115481e+09 0.000000 K  1  86.227081  2.778685 1.085111 0.0 0.690085 47.61674 17.91161 0 0.963471   3.27773932462296e-17   2.34273963906865e+41  5.356760  70.0305 0 0  80.000000  69.13040  101.59564  82.27469  120.02962   22.82739   58.98916 0 RT    396.89  205.15   296.47    0.00   27.896    5.728   27.129    5.570 O    0.60189    0.23505    0.93185    0.71125    0.57233
585 U-HiZ_z1_53             34.312479  -5.208119  20.3545  22.0642  21.0687 -22.61   1.69445650095140e+10 3.124000 H  1 -36.460766  1.403067 0.420920 0.0 0.875189 29.58785 10.91757 0 0.802994   6.32000345197001e-17   2.88229391311122e+41  6.590471  54.4418 0 0 -56.000000  28.74501   65.10352  27.80044   62.79170   15.19042   34.11726 0 RT+   104.84   48.08    77.43  162.61   25.816    3.080   25.307    3.020 O    0.32090    0.10000    0.29260    0.20395    0.14605
586 U-HiZ_z1_62             34.357912  -5.183929  21.5899  22.1229  21.6853 -21.55   6.38307384473109e+09 1.733000 H  1  32.691757  2.579714 0.773914 0.0 0.877608 29.29227 10.85845 0 0.854500   1.29375119916946e-16   6.87621943967917e+41 15.722728  49.4531 0 0   0.000000  39.24259   86.81921  52.50980  115.27608   28.08316   63.18684 0 RT    353.88  162.74   263.14  412.30   24.902    2.049   24.300    2.000 O    0.57822    0.17347    0.35985    0.24953    0.17620
587 U-HiZ_z1_63             34.378942  -4.996826  22.1174  22.7565  22.2628 -21.05   4.02744729505520e+09 0.000000 z' 1  48.691254  1.817139 0.545142 0.0 0.876287 29.45397 10.89079 0 0.857682   7.11252591440659e-17   3.81506398560703e+41  8.723284  66.5476 0 0 -90.000000  32.81171   74.69599  28.60621   64.95387   15.74544   35.43050 0 RT    140.46   64.47   104.05    0.00   38.621   16.236   37.816   15.898 O    0.32949    0.10000    0.41360    0.33363    0.26544
589 U-HiZ_z1_69             34.415788  -4.997257  21.4277  22.2693  21.6819 -21.67   7.12902610725854e+09 0.000000 z' 1 -57.764565  5.315183 1.594555 0.0 0.639404 51.69531 15.33906 0 0.844752   4.02067683628329e-17   2.07739826398396e+41  4.750047  74.0859 0 0 -38.000000  70.77976   92.98829  94.70723  123.12639   22.50472   41.24488 0 RT    778.78  325.56   416.74    0.00   43.297   21.649   39.664   19.832 M    1.32025    0.39607    2.01083    1.47575    1.36352
590 U-HiZ_z1_72             34.425362  -4.711541  21.2820  21.9220  21.4136 -21.70   7.32875966592967e+09 0.000000 K  1  39.413898  2.499809 0.976207 0.0 0.987231  9.35667  9.35667 0 0.866782   1.55331300237292e-16   8.55137325740055e+41 19.553028  67.2559 0 1   4.000000  49.59935  324.54510  54.97317  356.19272  175.70863 1000.00000 0 RT   1059.59  793.32  3574.06    0.00 -999.000 -999.000 -999.000 -999.000 X -999.00000 -999.00000 -999.00000 -999.00000 -999.00000
591 U-HiZ_z1_73             34.426967  -4.986346  22.4997  22.9397  22.5343 -20.55   2.54114743288401e+09 0.000000 K  1 -62.638458  2.469424 0.964341 0.0 0.577162 56.45680 19.97367 0 0.856187   2.77244193577554e-17   1.48072014902024e+41  3.385721  56.2015 0 0 -23.000000  71.59474   92.67073  90.80232  116.57401   18.97470   49.50126 0 RT    342.57  172.47   235.18    0.00   39.117    2.042   38.308    2.000 O    0.61081    0.23853    1.68605    1.16789    0.96265
592 U-HiZ_z1_75             34.433138  -4.749414  21.4903  22.6755  21.9258 -21.63   6.87115647459619e+09 0.000000 K  1 -71.633011  1.263057 0.493240 0.0 0.437053 66.63294 22.39244 0 0.579844   2.97976963384777e-17   6.13477256201588e+40  1.402738  66.9849 0 0 -41.000000  52.92167   62.41154  65.41326   76.55026    7.85920   24.31867 0 RT    115.06   55.29    68.93    0.00   65.115    2.050   63.532    2.000 O    0.45644    0.17825    2.58501    1.63487    1.43835
594 U-HiZ_z1_84             34.453346  -4.917880  22.8990  23.2287  22.8761 -20.09   1.66352842544136e+09 0.000000 K  3 -46.255005  2.187045 0.000000 1.0 0.620000 53.00000 25.88923 1 0.840264   6.92009085400249e-17   3.52885063483447e+41  8.068847  30.0712 0 0  -3.000000  23.86600   29.88347  26.61165   33.32140   31.69845   35.51738 2 RT  -  86.72    0.00     0.00    0.00 -999.000 -999.000 -999.000 -999.000 X -999.00000 -999.00000 -999.00000 -999.00000 -999.00000
595 U-HiZ_z1_87             34.463679  -4.700450  21.8749  22.9259  22.1982 -21.24   4.79766677539756e+09 0.000000 K  1  61.900394  1.145630 0.447383 0.0 0.564027 57.43527 20.20446 0 0.839033   7.36982341201177e-17   3.74464787335707e+41  8.562275  67.4727 0 0  68.000000  41.55715   54.90342  48.59369   63.98032    9.10700   25.22166 0 RT+    87.22   43.14    57.60    0.00   33.926    2.595   33.400    2.555 O    0.35710    0.13945    0.29923    0.20298    0.17059
596 U-HiZ_z1_88             34.465238  -4.867046  23.1657  23.8474  23.4645 -20.21   1.85793193529409e+09 0.000000 K  3  81.434860  2.189698 0.000000 1.0 0.620000 53.00000 25.88923 1 0.841283   5.08760119736694e-17   2.60214694824591e+41  5.949904  61.3948 0 0 -90.000000  48.72604   61.01162  54.33169   68.03065   56.31193   61.01044 2 RT  - 177.27    0.00     0.00    0.00 -999.000 -999.000 -999.000 -999.000 X -999.00000 -999.00000 -999.00000 -999.00000 -999.00000
597 U-HiZ_z1_94             34.476754  -4.943397  20.6502  21.7277  20.9570 -22.49   1.51715547250488e+10 0.000000 K  1 -27.814632  1.831639 0.715278 0.0 0.471083 64.19466 21.80951 0 0.840816   2.42774784597129e-16   1.24001756721559e+42 28.353456  98.2568 0 0 -52.000000  50.38275   60.77220  66.69837   79.86869   10.95136   27.67387 0 RT    174.09   85.74   108.15    0.00   68.592    8.766   66.676    8.521 O    0.54305    0.21207    0.38767    0.25577    0.22405
598 U-HiZ_z1_96             34.477787  -4.741861  19.9004  22.4917  20.9232 -23.33   3.28874464550866e+10 0.000000 K  2 -82.950172  1.748568 1.049141 0.5 0.813313 36.42881 15.38947 0 0.839855   1.11939356961997e-16   5.70142542505284e+41 13.036518 169.0251 0 0 -86.000000 155.39874  284.10504 158.74529  288.10751   70.48547  188.46770 0 RT+   599.49  462.25   633.25    0.00   45.623    7.255   39.674    6.309 O    0.54487    0.32692    1.42090    1.52957    1.26351
600 U-zuds_z1_100           34.578587  -5.024403  21.4821  22.0404  21.5026 -21.56   6.44213705877326e+09 0.000000 K  3  -4.277252  2.146075 0.000000 1.0 0.692890 47.38433 17.85806 0 0.824523   1.68470314475028e-16   8.20012068436455e+41 18.749876  54.6232 0 0  -9.000000  43.35176   58.90889  48.33913   65.68602   60.10516   66.76535 2 RT  - 167.75    0.00     0.00    0.00 -999.000 -999.000 -999.000 -999.000 X -999.00000 -999.00000 -999.00000 -999.00000 -999.00000
602 U-zuds_z1_108           34.534921  -5.004681  19.8114  21.7110  20.4378 -23.61   4.25628235193828e+10 0.000000 K  1 -48.930969  1.310414 0.511733 0.0 0.895437 27.02429 13.40503 0 0.959566   5.17819376987909e-17   3.66412250647094e+41  8.378150 140.7136 0 0 -15.000000 113.88620  284.01886 126.56566  315.40213   94.44167  293.21530 0 RT    491.84  288.02   590.17    0.00   56.078   28.039   15.674    7.837 M    0.28315    0.11057    0.74475    0.88533    0.59513
603 U-zuds_z1_109           34.318075  -4.999336  20.6837  21.4029  20.7912 -22.33   1.30927280752733e+10 0.000000 K  1 -66.445740  1.103110 0.430778 0.0 0.709615 45.98178 17.53576 0 0.807771   5.46764330050287e-16   2.53021430435863e+42 57.854279  71.5574 0 0  57.000000  30.01322   47.76125  33.55414   53.42782   10.69151   27.30580 0 DN     70.13   36.62    53.68    0.00   60.687    5.234   57.082    4.923 O    0.20393    0.10000    0.10734    0.08087    0.06317
604 U-zuds_z1_111           34.448571  -4.995547  22.1009  23.1203  22.4312 -21.16   4.45687147760308e+09 0.000000 K  1  39.357605  2.002577 0.782031 0.0 0.651031 50.77816 18.64373 0 0.919277   1.71875620951180e-17   1.09394326613812e+41  2.501341  83.1693 0 0  62.000000  83.00394  117.61046  98.72559  139.09691   24.16006   63.52404 0 RT+   331.48  168.59   237.02    0.00   75.547   37.774   46.410   23.205 M    0.48512    0.18944    2.76574    2.40709    2.10463
605 U-zuds_z1_113           34.656571  -4.990240  22.7899  22.7978  22.4858 -20.60   2.66091082830958e+09 0.000000 K  3 -67.121078  2.384634 0.000000 1.0 0.620000 53.00000 25.88923 1 0.916178   2.03598829941185e-16   1.28509307042169e+42 29.384125  57.7905 0 0 -61.000000  45.86549   57.42981  51.14205   64.03678   56.63912   61.95557 2 RT  - 181.72    0.00     0.00    0.00 -999.000 -999.000 -999.000 -999.000 X -999.00000 -999.00000 -999.00000 -999.00000 -999.00000
606 U-zuds_z1_118           34.212471  -4.981209  20.8787  23.0455  21.6465 -22.52   1.55966153953587e+10 0.000000 K  2 -50.350250  3.315166 1.989100 0.5 0.776775 39.99826 16.17995 0 1.036550   3.12870754225370e-17   2.67928113465847e+41  6.126275 116.5343 0 0  71.000000 130.95459  214.40385 142.04984  230.10628   53.24321  136.15486 0 RT    907.78  694.68   910.32    0.00   80.998   40.499   59.824   29.912 M    1.05237    0.63142    3.86043    4.41123    3.87803
608 U-zuds_z1_121           34.505342  -4.934969  21.5227  22.8462  21.8539 -21.63   6.87115647459619e+09 0.000000 K  2  -2.567650  1.157310 0.694386 0.5 0.859924 31.39582 14.30624 0 0.841769   4.37000100426521e-17   2.23829589776595e+41  5.117946  96.9875 0 0  -1.000000  13.81597   29.60047  13.96269   29.82380    8.35884   23.13251 0 DN     41.07   32.37    47.93    0.00   63.953    9.112   62.818    8.950 O    0.34300    0.20580    0.38053    0.43844    0.34130
610 U-zuds_z1_125           34.476050  -4.918450  21.0695  23.0628  21.6906 -22.01   9.75057592115481e+09 0.000000 K  1 -32.609348  1.836023 0.716990 0.0 0.499400 62.15774 21.32403 0 0.842833   3.05402913870312e-17   1.56913690016987e+41  3.587889 186.6813 0 0 -22.000000  25.34742   31.12901  23.28703   28.39120    3.70879   10.20081 0 DN     62.03   30.40    39.17    0.00  218.289  109.144  110.000   55.000 M    0.54394    0.21242    0.99631    0.82037    0.74953
613 U-zuds_z1_139           34.839746  -4.834351  21.4787  23.2691  22.3386 -22.05   1.01164903529127e+10 0.000000 K  1 -19.114105  1.959891 0.765362 0.0 0.789779 38.75860 15.90364 0 0.899761   9.95948038683802e-17   6.01193544047761e+41 13.746511  74.6950 0 0 -53.000000  80.08952  140.31750  89.86008  156.52734   36.58786   95.80294 0 RT    365.06  197.72   315.40    0.00   28.649   13.993   27.420   13.393 O    0.48398    0.18900    0.53944    0.51518    0.41509
614 U-zuds_z1_140           34.824854  -4.830725  22.0122  22.9905  22.3117 -21.43   5.71518502948853e+09 0.000000 K  1 -47.660522  1.229816 0.480259 0.0 0.934993 21.22179 12.29025 0 0.900674   1.06450113970276e-16   6.44185956727163e+41 14.729548  47.2295 0 0  28.000000  35.93025  111.80977  46.64318  144.91039   50.14584  192.96228 0 RT    212.07  131.68   350.21    0.00   27.944    5.975   27.139    5.803 O    0.30361    0.11856    0.38531    0.56073    0.26257
615 U-zuds_z1_142           34.263587  -4.808001  21.1188  22.0812  21.3916 -22.00   9.66118006580254e+09 0.000000 K  1  58.107170  1.818477 0.710138 0.0 0.645822 51.19031 18.73965 0 0.834815   1.85257351274592e-16   9.29691021658126e+41 21.257727  92.5933 0 0  22.000000  20.26221   28.71376  25.75601   36.32675    6.50477   16.54963 0 DN     78.61   40.19    56.13    0.00   81.062    9.005   80.300    8.920 O    0.41050    0.16031    0.26005    0.18731    0.15237
616 U-zuds_z1_144           34.236117  -4.795798  19.9217  21.6727  20.5261 -23.46   3.70706173962131e+10 0.000000 K  1  26.697037  1.204607 0.470414 0.0 0.801074 37.65521 15.65925 0 0.882185   5.47939821892373e-17   3.15045620205187e+41  7.203633 233.5078 1 0 -90.000000  24.76371   45.92510  33.60952   62.28147   14.96960   39.49333 0 DN     89.28   48.72    79.12    0.00 -999.000 -999.000 -999.000 -999.000 X -999.00000 -999.00000 -999.00000 -999.00000 -999.00000
617 U-zuds_z1_146           34.599429  -4.771468  19.3878  21.6332  20.2355 -23.87   5.40792330015950e+10 0.000000 K  1  75.349747  3.637437 1.420465 0.0 0.639451 51.69160 18.85645 0 0.873573   2.47961959223863e-17   1.39161182209026e+41  3.181971 147.3448 0 0  -1.000000  26.10374   35.65902  31.90039   43.18714    8.39771   20.01467 1 DN    186.94   97.05   134.82    0.00  146.708   73.354  128.538   64.269 M    0.68638    0.26804    2.58644    2.26025    1.98113
618 U-zuds_z1_147           34.244358  -4.750436  19.8616  21.6982  20.5853 -23.34   3.31917572521300e+10 0.000000 K  1 -51.602966  3.674741 1.435032 0.0 0.768983 40.72666 16.34312 0 0.882541   5.35291788568083e-17   3.08079538055208e+41  7.044352 116.3544 0 0 -59.000000  80.95640  131.65019  98.75976  158.99364   37.31844   92.37109 0 RT+   695.27  376.97   579.18    0.00   38.217    5.329   37.881    5.283 O    0.81543    0.31844    1.59767    1.29389    0.97633
619 U-zuds_z1_188           34.324004  -5.202332  21.2124  22.1736  21.5074 -22.03   9.93185685201049e+09 0.939000 H  1 -65.499481  3.207319 0.962196 0.0 0.639442 51.69232 15.33846 0 0.912777   1.09394590677298e-16   6.84176760673923e+41 15.643952  60.4298 0 0 -47.000000  53.04681   72.48370  51.10212   69.20314   10.41749   22.49516 0 RT    264.13  105.50   139.03  273.43   55.531   27.766   41.402   20.701 M    0.70502    0.21151    0.40551    0.29579    0.27174
621 U-zuds_z1_215           34.324596  -5.028073  19.4595  21.5022  20.2833 -23.61   4.25628235193828e+10 0.000000 K  1 -63.053101  1.788918 0.698595 0.0 0.680925 48.37041 18.08553 0 0.821199   1.14845973622103e-16   5.53469555776735e+41 12.655284 223.6434 1 0 -47.000000  51.41091   76.87634  52.99918   79.02761   14.73054   38.15674 0 DN    168.24   86.63   124.32    0.00 -999.000 -999.000 -999.000 -999.000 X -999.00000 -999.00000 -999.00000 -999.00000 -999.00000
622 U-zuds_z1_220           34.642971  -5.040231  23.3778  24.0742  23.3566 -20.11   1.69445644281258e+09 0.000000 K  2 -86.925507  5.226306 3.135784 0.5 0.620000 53.00000 25.88923 1 0.914298   5.64564857045850e-17   3.54544811166706e+41  8.106797  60.7026 0 0 -90.000000  26.66706   35.84804  28.95830   38.58661    7.45462   29.10521 1 DN    239.98  180.01   275.25    0.00   80.554   40.277   70.385   35.192 M    0.69150    0.41490    0.75784    0.93572    0.75515
624 U-zuds_z1_223           34.501475  -5.033632  20.5636  22.4976  21.3876 -22.76   1.94549568849800e+10 0.000000 z' 1 -83.538261  5.936006 1.780802 0.0 0.316056 75.53587 20.10717 0 0.825039   6.49451114844927e-17   3.16600776232369e+41  7.239193 102.8157 0 0  74.000000 110.54313  116.96733 113.09402  118.50555    3.77132   21.44419 0 RT    837.11  300.52   349.00    0.00   80.589   40.295   74.930   37.465 M    1.48569    0.44571    2.83708    1.92241    1.85479
626 U-zuds_z1_228           34.655817  -5.023971  22.1948  23.5151  22.5632 -21.21   4.66691408298452e+09 0.000000 K  2 -24.705894  1.278678 0.767207 0.5 0.876836 29.38690 13.88675 0 0.962316   1.83331665916907e-17   1.30647286447277e+41  2.987298  77.2076 0 0  24.000000  42.39943  100.21143  33.38292   79.06817   22.56455   66.14612 1 RT    120.31   95.12   147.39    0.00   85.223    2.221   76.753    2.000 O    0.16689    0.10013    1.88978    2.24052    1.67673
627 U-zuds_z1_229           34.628217  -5.023239  21.7001  22.6061  22.0126 -21.74   7.60378946420346e+09 0.000000 K  1 -32.597107  7.105026 2.774601 0.0 0.180065 90.00000 28.04886 0 0.927878   5.73315235943767e-17   3.73387470044147e+41  8.537642  61.4579 0 1 -35.000000 162.53241  171.38222 176.71329  184.38307   24.61987   24.66005 0 RT   1558.96  765.64   765.77    0.00 -999.000 -999.000 -999.000 -999.000 X -999.00000 -999.00000 -999.00000 -999.00000 -999.00000
630 U-zuds_z1_238           34.674237  -5.010254  20.7609  22.7933  21.4651 -22.56   1.61819168899459e+10 0.000000 K  2   0.187393  4.507409 2.704445 0.5 0.953419 17.93086 11.71526 0 0.874947   1.18926505422304e-16   6.70031206895575e+41 15.320509 129.6212 0 0  27.000000 113.91557  399.83478 120.09471  418.17731  157.91292  770.92981 1 RT+  2243.03 1892.31  5174.86    0.00  108.565   54.283   57.951   28.976 M    0.60403    0.36242    4.02807    8.40534    4.22122
632 U-zuds_z1_245           34.671363  -4.994217  21.2258  22.9433  21.8056 -22.01   9.75057592115481e+09 0.000000 K  2  76.008362  2.045870 1.227522 0.5 0.996224  5.08390  5.08390 0 0.920112   4.17253309183828e-17   2.66166954516806e+41  6.086005  96.8691 0 0  54.000000  62.70465  802.46216  57.45631  734.82635  365.96835 1000.00000 0 RT+  1789.00 1660.05  3166.25    0.00   72.803   36.401   30.359   15.179 M    0.27022    0.16213    5.11104    8.56393    5.60734
633 U-zuds_z1_249           34.596150  -4.988292  22.3838  23.6908  22.8045 -21.07   4.10232486131627e+09 0.000000 K  1  52.290497  3.810906 1.488206 0.0 0.362481 72.02837 23.68838 0 0.915198   4.09200914981300e-17   2.57602042910477e+41  5.890165  89.2032 0 0  47.000000  35.06767   39.12378  36.34214   40.14042    2.66918   11.14718 1 DN    182.04   85.81   103.80    0.00   76.860   38.430   68.483   34.241 M    0.83395    0.32567    0.84164    0.66592    0.62606
634 U-zuds_z1_279           34.855792  -4.763236  20.1642  21.8788  21.5477 -22.84   2.09425828707221e+10 0.000000 K  1 -65.450096  0.966102 0.377275 0.0 0.739503 43.39580 16.94570 0 0.707580   2.49653663299940e-17   8.34729111464012e+40  1.908639  97.8766 0 0 -66.000000  10.08369   16.82553   9.92955   16.58188    4.00688    9.21447 0 DN     19.06   10.42    15.41    0.00   94.850   47.425   69.677   34.839 M    0.18027    0.10000    0.43937    0.40691    0.34240
642 U-zuds_z1_81            34.679012  -5.077047  19.2535  21.4494  19.9363 -24.28   7.88915456440941e+10 0.000000 K  1  11.237923  4.002128 1.562881 0.0 0.600687 54.68339 19.55651 0 0.961122   9.05133562188354e-17   6.43048239496421e+41 14.703533 291.2663 1 0 -21.000000  91.20565  122.38623 117.20770  156.32864   26.64204   67.04715 0 RT    744.52  377.50   513.90    0.00 -999.000 -999.000 -999.000 -999.000 X -999.00000 -999.00000 -999.00000 -999.00000 -999.00000
644 U-zuds_z1_92            34.445233  -5.035283  22.0851  22.6646  22.2189 -20.90   3.50776117967864e+09 0.000000 K  1  32.687988  2.952468 1.152976 0.0 0.488044 62.97610 21.51891 0 0.834273   4.49258017664668e-17   2.25093911938674e+41  5.146855  56.7685 0 0  31.000000  67.72659   80.98035  94.43949  111.83117   20.68394   43.93903 0 RT    392.91  202.03   259.01    0.00   48.330   24.165   37.656   18.828 M    0.73629    0.28753    1.27262    1.06724    0.97179
645 U-zuds_z1_98            34.378950  -5.027785  19.8937  21.6208  20.6371 -23.00   2.42677874527229e+10 0.000000 z' 1 -53.913177  3.441357 1.032407 0.0 0.491028 62.76129 17.55226 0 0.799755   6.13785083302962e-17   2.77152948883941e+41  6.337204 188.5277 0 0 -47.000000 107.61879  129.84888 105.84294  126.57404   12.56865   32.33230 0 RT+   518.35  194.92   243.04    0.00  116.678   28.982  111.116   27.600 O    0.63834    0.19150    3.91207    2.15466    1.94804
646 U-zuds_z1_99            34.396150  -5.025604  21.8962  22.4573  22.0149 -21.21   4.66691408298452e+09 0.000000 z' 1  18.658554  3.381849 1.014555 0.0 0.289485 77.66639 20.53328 0 0.858197   1.19630226566606e-16   6.42630488729747e+41 14.693981  58.3517 0 1  -2.000000  98.77045  106.98244 112.40748  120.50728    7.79821   19.96028 0 RT    484.97  177.12   197.77    0.00 -999.000 -999.000 -999.000 -999.000 X -999.00000 -999.00000 -999.00000 -999.00000 -999.00000
647 U-zudsp_z1_103          34.671750  -5.058030  19.8863  21.8695  20.5806 -23.58   4.14028422133866e+10 0.000000 K  1  18.397705  2.094969 0.818112 0.0 0.745522 42.86116 16.82444 0 0.961699   7.72565403465995e-17   5.49680171637244e+41 12.568639 170.0075 0 0   8.000000 179.95543  300.31787 172.75566  288.15973   61.13314  158.45526 0 RT+   718.39  379.92   576.57    0.00   79.201   39.600   15.951    7.975 M    0.27347    0.10679    0.63373    0.58471    0.48839
650 U-zudsp_z1_112          34.538217  -4.916098  21.7457  23.0015  22.1262 -21.26   4.88686412189403e+09 0.000000 K  1  59.174850  1.803276 0.704202 0.0 0.644696 51.27914 18.76034 0 0.827802   5.35089209981312e-17   2.63006929575958e+41  6.013750  69.1999 0 0   1.000000  46.98372   65.39431  46.19075   63.82427   11.02874   28.87540 0 RT    136.96   69.60    97.41    0.00   50.583    5.505   50.437    5.489 O    0.53733    0.20984    0.70467    0.50591    0.41125
651 U-zudsp_z1_115          34.834208  -4.893430  20.8420  22.9858  22.1578 -22.56   1.61819168899459e+10 0.000000 K  1 -74.431763  1.800763 0.703220 0.0 0.510508 61.35471 21.13304 0 0.826691   1.42961337243416e-16   7.00363719294770e+41 16.014072 134.6110 0 0 -87.000000 110.60463  138.23328 125.62890  156.10475   18.83565   56.14489 0 RT    334.52  162.71   211.34    0.00   58.390   16.821   52.563   15.142 O    0.45637    0.17822    0.89179    0.63764    0.56151
652 U-zudsp_z1_120          34.540229  -4.782150  21.5125  22.2148  21.5938 -21.49   6.03990464159219e+09 0.000000 K  2  22.613022  1.240512 0.744307 0.5 0.828696 34.83673 15.04240 0 0.827710   1.25623290608163e-16   6.17293266707957e+41 14.114636  87.4776 0 0  30.000000 102.56126  204.13374  95.02837  189.08859   48.10932  129.95599 0 RT+   279.13  216.48   303.05    0.00   76.900   38.450   30.869   15.434 M    0.23807    0.14284    0.59176    0.70714    0.59775
653 U-zudsp_z1_121          34.875613  -4.762981  21.4056  23.5714  22.6031 -22.10   1.05932770276157e+10 0.000000 K  1 -79.302414  1.184906 0.462721 0.0 0.730558 44.18133 17.12433 0 0.867842   5.21974020893215e-17   2.88226290003867e+41  6.590400 133.3036 0 0 -61.000000 100.56578  165.41998 106.05830  174.59729   35.93521   92.93046 0 RT    246.19  129.32   193.40    0.00   88.364   44.182   21.122   10.561 M    0.20585    0.10000    0.63161    0.57619    0.48567
654 U-zudsp_z1_123          34.579929  -4.748529  22.2767  23.3673  22.7015 -20.89   3.47560109871885e+09 0.000000 K  2  17.525032  1.608753 0.965252 0.5 0.938616 20.61437 12.18050 0 0.844466   3.26047525556326e-17   1.68321324877516e+41  3.848729  71.6572 0 0  19.000000  28.67472   91.47185  28.05513   89.30963   31.31981  125.09447 0 RT    170.98  141.40   310.03    0.00   76.161    4.655   74.271    4.540 O    0.30676    0.18406    1.90183    3.10834    1.73507
657 U-zudsp_z1_24           34.318667  -5.254250  22.0232  23.1307  22.3751 -21.44   5.76806820221979e+09 1.042000 H  1  79.729195  2.976522 0.892956 0.0 0.511591 61.27623 17.25525 0 0.985939   4.34310461606759e-17   3.28620340184207e+41  7.514024  80.5974 0 0  70.000000  68.35062   84.36677  66.93356   81.98106    8.85226   21.86130 0 RT+   290.38  110.18   138.70  304.42   62.841   31.421   43.646   21.823 M    0.64122    0.19237    0.82812    0.58411    0.54810
658 U-zudsp_z1_49           34.304654  -5.037246  22.1899  23.1696  22.5487 -21.07   4.10232486131627e+09 0.000000 z' 1 -34.479908  3.619852 1.085956 0.0 0.355498 72.54457 19.50891 0 0.918596   2.71520159968649e-17   1.72499392548681e+41  3.944262  73.0549 0 0 -45.000000  91.63506  103.61671 115.69879  129.75757    9.45699   28.41059 1 RT+   558.95  205.35   247.04    0.00   52.017   26.008   28.423   14.211 M    0.64330    0.19299    1.47092    1.01306    0.96647
660 U-zudsp_z1_53           34.221542  -4.996918  23.0505  23.5097  23.1661 -19.97   1.48946358487734e+09 0.000000 K  2  11.527588  0.802572 0.481543 0.5 0.620000 53.00000 25.88923 1 0.808133   4.38641111922366e-17   2.03210497107925e+41  4.646482  69.2311 0 0  49.000000  42.59101   60.17076  40.52727   57.17598   10.82730   43.14252 0 RT     54.61   40.88    62.64    0.00   47.606   15.301   46.116   14.823 O    0.27304    0.16382    0.49052    0.57587    0.45085
661 U-zudsp_z1_55           34.367475  -4.994046  23.1636  23.3514  22.9221 -20.12   1.71013541598467e+09 0.000000 z' 1  27.608696  2.380947 0.714284 0.0 0.586730 55.73892 16.14778 0 0.957975   7.75723329715249e-17   5.46660375913048e+41 12.499590  71.2816 0 0  12.000000  62.64003   84.07980  73.86719   98.75343   13.03439   29.38190 0 RT    279.80  109.13   140.68    0.00   60.893   30.447   33.555   16.778 M    0.41841    0.12552    0.48453    0.34769    0.32280
662 U-zudsp_z1_58           34.315600  -4.973164  19.9762  22.5896  21.0357 -23.21   2.94462379754397e+10 0.000000 K  1  58.009205  1.819917 0.710700 0.0 0.796173 38.13713 15.76581 0 0.835435   1.02093089017272e-16   5.13278742876684e+41 11.736306 171.2784 0 1  53.000000 148.63551  269.01477 198.64909  358.51917   85.76643  223.55994 0 RT    776.45  423.14   679.81    0.00 -999.000 -999.000 -999.000 -999.000 X -999.00000 -999.00000 -999.00000 -999.00000 -999.00000
663 U-zudsp_z1_62           34.540500  -4.912580  21.2558  22.9439  21.8252 -21.76   7.74515773242142e+09 0.000000 K  2  71.501816  1.569105 0.941463 0.5 0.840594 33.56177 14.76727 0 0.836305   2.58065508759592e-17   1.30076693279974e+41  2.974251 117.3993 0 0  -8.000000  32.92662   65.27454  34.01928   67.04336   17.53903   48.04128 0 DN    125.19   97.51   139.23    0.00  105.707   52.854   88.723   44.361 M    0.46602    0.27961    2.02842    2.45855    2.05265
664 U-zudsp_z1_69           34.529146  -4.844337  22.2518  22.9771  22.4342 -21.02   3.91769257825506e+09 0.000000 K  2  77.631279  4.142549 2.485530 0.5 0.620000 53.00000 25.88923 1 0.967610   4.48958801291620e-17   3.24307467435532e+41  7.415409  63.6541 0 0  28.000000 110.25263  143.89137 123.64916  159.62282   36.82234  120.13278 0 RT    786.88  601.93   901.28    0.00   52.392   26.196   42.667   21.334 M    1.17995    0.70797    1.83338    2.26184    1.84145
666 U-zudsp_z1_74           34.301254  -4.787096  20.0023  22.2873  20.8577 -23.54   3.99052974173982e+10 0.000000 K  2  -1.517105  3.449324 2.069594 0.5 0.897899 26.69747 13.33949 0 0.993410   4.79603976794434e-17   3.69727074744018e+41  8.453945 211.1210 0 0  -6.000000 135.34929  323.25873 143.76370  340.32126  102.65424  321.49530 0 RT   1396.92 1116.35  1860.34    0.00   85.164   11.970   81.066   11.394 O    0.74154    0.44492    6.25235    7.95249    5.64910
667 U-zudsp_z1_79           34.275971  -4.751386  21.9651  22.7260  22.1730 -20.97   3.74136342042926e+09 0.000000 K  2  -6.555725  3.507239 2.104343 0.5 0.617127 53.42610 19.26172 0 0.815637   8.69778430537074e-17   4.12213038509374e+41  9.425403  61.5181 0 0  11.000000  36.37305   47.96017  40.83507   53.29570    9.56768   23.00854 0 DN    222.44  165.78   195.66    0.00   59.955   29.978   53.607   26.804 M    0.79776    0.47866    0.60337    0.64479    0.59969
669 U-zvipe_z1_1071         34.567838  -4.728418  20.6719  22.2202  21.2421 -22.40   1.39646490696788e+10 0.000000 K  2 -10.552261  1.618165 0.970899 0.5 0.812776 36.48339 15.40144 0 0.843821   1.34489606089441e-16   6.92994091086246e+41 15.845564 101.7877 0 0  19.000000  42.57985   80.40031  41.46477   78.12804   19.18857   51.10807 0 DN    150.44  116.07   158.92    0.00   89.027    2.050   86.858    2.000 O    0.30863    0.18518    0.70984    0.75582    0.62132
670 U-zvipe_z1_1073         34.587871  -4.734368  21.5761  22.3478  21.7458 -21.56   6.44213705877326e+09 0.000000 K  4 -11.559814  2.542166 0.992747 0.0 0.776662 40.00889 16.18233 0 0.881466   8.75855157525054e-17   5.02572835350464e+41 11.491512  57.3558 0 0   0.000000  45.52051   70.80425  50.75738   78.94987   77.94987   93.85838 2 X   - 238.84    0.00     0.00    0.00 -999.000 -999.000 -999.000 -999.000 X -999.00000 -999.00000 -999.00000 -999.00000 -999.00000
672 U-zvipe_z1_1077         34.619996  -4.770606  19.3778  21.6752  20.2358 -23.84   5.26053904757133e+10 0.000000 K  1 -70.763382  3.671526 1.433777 0.0 0.554229 58.16039 20.37577 0 0.881761   2.96198908671055e-17   1.70101886409303e+41  3.889442 193.0358 1 0 -59.000000 118.84066  149.95108 136.35617  170.51048   24.98491   66.47754 0 RT    744.98  369.77   489.20    0.00 -999.000 -999.000 -999.000 -999.000 X -999.00000 -999.00000 -999.00000 -999.00000 -999.00000
673 U-zvipe_z1_1081         34.647096  -4.759767  21.3195  21.8356  21.4089 -21.55   6.38307384473109e+09 0.000000 K  1  39.745617  7.728138 3.017935 0.0 0.330421 74.42851 24.26721 0 0.880360   1.07363690916674e-16   6.14156919458296e+41 14.042923  54.0797 0 1  25.000000  36.77148   39.22609  33.39914   35.26892    4.28649    9.58971 1 DN    324.35  157.86   183.67    0.00 -999.000 -999.000 -999.000 -999.000 X -999.00000 -999.00000 -999.00000 -999.00000 -999.00000
674 U-zvipe_z1_1107         34.815446  -4.669455  20.8796  23.1415  21.8516 -22.14   1.09908158986893e+10 0.000000 K  2 -84.334091  2.083861 1.250317 0.5 0.765390 41.05916 16.41779 0 0.841361   1.10952793212848e-16   5.67618079278952e+41 12.978795 101.8560 0 0  89.000000  55.14268   93.36160  55.75705   94.06094   20.88296   54.18885 0 RT    233.25  177.58   230.88    0.00   32.520   10.805   30.113   10.005 O    0.36553    0.21932    0.38081    0.40799    0.35423
675 U-zvipe_z1_1819         34.818613  -4.742189  20.2306  23.1924  21.7890 -23.26   3.08340289382197e+10 0.000000 K  3 -12.674988  2.289098 0.000000 1.0 0.992352  7.23748  7.23748 0 0.879473   8.28934649991596e-17   4.73001510830674e+41 10.815352 278.2465 1 0   3.000000 220.83057 1752.87195 246.23586 1954.52979 1578.85181 1000.00000 2 RT  -5324.19    0.00     0.00    0.00 -999.000 -999.000 -999.000 -999.000 X -999.00000 -999.00000 -999.00000 -999.00000 -999.00000
676 U-zvipe_z1_1820         34.826667  -4.741836  20.1500  23.1932  21.6912 -23.48   3.77598275601379e+10 0.000000 K  1 -78.040367  3.906443 1.525515 0.0 0.588900 55.57550 19.76617 0 0.938208   1.91963659259777e-17   1.28487520755756e+41  2.937914 110.0063 0 1  50.000000  19.57138   25.56800  15.19421   19.68486    3.52369    8.31149 1 DN     91.51   46.78    62.63    0.00 -999.000 -999.000 -999.000 -999.000 X -999.00000 -999.00000 -999.00000 -999.00000 -999.00000
677 U-zvipe_z1_1821         34.835921  -4.687934  20.4922  21.5597  20.7450 -22.33   1.30927280752733e+10 0.000000 K  1  29.066620  3.503910 1.368321 0.0 0.521645 60.54658 20.94108 0 0.841548   2.48156041609883e-16   1.27022345821541e+42 29.044125 105.4127 0 0  27.000000 115.95131  143.49661 130.88249  160.62993   21.09243   59.12292 0 RT+   669.77  328.37   427.71    0.00   24.097   10.769   22.742   10.164 O    0.61458    0.24000    0.34518    0.27487    0.24792
679 U-zvipe_z1_1823         34.841704  -4.670715  21.3478  22.4903  21.5319 -21.54   6.32456324839440e+09 0.000000 K  1  87.597855  4.759442 1.858621 0.0 0.385964 70.31128 23.27511 0 0.887607   1.60968580434740e-16   9.39606074905490e+41 21.484438  36.6338 0 1  11.000000  12.60682   14.20372  12.82195   14.30121    2.15768    4.56107 0 DN     81.00   40.35    48.60    0.00 -999.000 -999.000 -999.000 -999.000 X -999.00000 -999.00000 -999.00000 -999.00000 -999.00000
680 U-zvipe_z1_1824         34.843433  -4.738903  20.6512  23.3079  21.9998 -23.33   3.28874464550866e+10 0.000000 K  1 -21.416687  2.776007 1.084065 0.0 0.789178 38.81655 15.91651 0 0.962579   4.49489896632108e-17   3.20535673851615e+41  7.329165  97.0001 0 0   1.000000  96.36783  169.45589 106.69879  186.68259   43.41137  114.05628 0 RT+   616.70  333.55   532.13    0.00   69.239   34.619   28.257   14.128 M    0.46853    0.18297    1.20617    1.15828    0.93661
681 U-zvipe_z1_1825         34.846358  -4.677513  20.6655  23.4217  21.5387 -22.74   1.90998558453237e+10 0.000000 K  1  46.814953  2.652048 1.035658 0.0 0.548128 58.61001 20.48211 0 0.919619   7.36998091233936e-17   4.69511410948634e+41 10.735551 183.2940 0 0  71.000000 181.10280  233.84265 193.34833  248.40411   32.51590   95.05980 0 RT+   783.95  384.23   510.07    0.00   25.132    4.755   20.470    3.873 O    0.45307    0.17693    0.86807    0.60214    0.51490
682 U-zvipe_z1_1826         34.854896  -4.671353  19.9035  22.1185  20.7684 -23.30   3.19911519911519e+10 0.000000 K  1  35.393066  4.454339 1.739475 0.0 0.638478 51.76797 18.87426 0 0.933924   6.28471300826632e-17   4.15927771382645e+41  9.510341 107.9368 1 0  27.000000  78.41219  106.66161  76.37489  102.92202   17.34698   45.98732 0 RT    545.55  276.13   385.25    0.00 -999.000 -999.000 -999.000 -999.000 X -999.00000 -999.00000 -999.00000 -999.00000 -999.00000
685 U-zvipe_z1_1833         34.878696  -4.684166  20.5052  23.1020  21.6786 -23.01   2.44923396918973e+10 0.000000 K  1  40.919357  3.250722 1.269448 0.0 0.593863 55.20077 19.67805 0 0.918656   4.55766222174778e-17   2.89599459637054e+41  6.621798 127.3283 0 0  23.000000 163.36589  216.57077 194.24115  255.72476   39.87649  105.84830 0 RT+   989.24  495.00   669.89    0.00   28.196    5.685   24.260    4.892 O    0.55550    0.21693    1.63195    1.16645    0.98442
686 U-zvipe_z1_1836         34.902396  -4.729701  20.9596  22.8904  21.9581 -22.31   1.28537534335430e+10 0.000000 K  1  84.729591  2.386751 0.932056 0.0 0.806390 37.12669 15.54274 0 0.827618   4.09306191742045e-17   2.01072089665147e+41  4.597587 102.2084 0 0 -63.000000  86.18676  157.39110  80.46899  146.21365   35.34654   93.72565 0 RT    415.28  226.97   370.94    0.00   74.386   37.193   43.875   21.937 M    0.42089    0.16436    1.91834    1.87939    1.49501
687 U-zvipe_z1_1837         34.902042  -4.682531  21.3211  22.5934  21.8064 -21.59   6.62262608221586e+09 0.000000 K  3 -36.040619  2.429909 0.000000 1.0 0.874450 29.67758 13.94692 0 0.933572   2.83235465130838e-17   1.87273307016037e+41  4.282073  57.1883 0 0  -5.000000  45.38754   91.67002  50.60912  102.21613   30.24069  126.34319 2 RT  - 295.57    0.00     0.00    0.00 -999.000 -999.000 -999.000 -999.000 X -999.00000 -999.00000 -999.00000 -999.00000 -999.00000
688 U-zvipe_z1_1838         34.907892  -4.699552  21.6525  23.1886  22.4143 -21.23   4.75368049924834e+09 0.000000 K  1 -79.214088  3.825385 1.493861 0.0 0.431558 67.02667 22.48673 0 0.802054   5.08211676407279e-17   2.31107451957402e+41  5.284357  94.8390 0 0  82.000000  71.97733   83.53352  85.04794   97.78268    9.32188   30.85145 0 RT    445.13  212.93   265.93    0.00   82.596   41.298   63.050   31.525 M    0.68166    0.26620    2.04308    1.64521    1.52615
690 U-zvipe_z1_247          34.483792  -4.769275  21.4478  22.0846  21.5088 -21.70   7.32875966592967e+09 0.000000 K  1  71.282074  3.488066 1.362133 0.0 0.368837 71.56097 23.57581 0 0.837697   1.85864598516954e-16   9.40686720782039e+41 21.509146  79.4870 0 0  73.000000 102.10074  112.04569 119.21732  129.40932   18.18747   36.66999 0 RT    537.15  265.29   308.41    0.00   52.843   26.422   43.514   21.757 M    1.08780    0.42480    0.65811    0.52203    0.49627
691 U-zvipe_z1_249          34.503650  -4.730183  20.5556  22.1838  21.1688 -22.65   1.75804516409271e+10 0.000000 K  1  39.473083  1.924246 0.751442 0.0 0.618379 53.32972 19.23916 0 0.883391   1.10071397634418e-16   6.35007391729277e+41 14.519677 139.7876 0 0  44.000000 146.62866  197.90846 165.54703  221.72588   36.06034   95.64956 0 RT+   507.72  255.59   351.57    0.00   66.067   33.034   26.634   13.317 M    0.59038    0.23055    0.70820    0.60716    0.53718
692 U-zvipe_z1_251          34.523200  -4.673340  20.8288  21.4630  20.9155 -22.23   1.19407057096735e+10 0.000000 K  1  34.564026  1.830100 0.714677 0.0 0.711763 45.79948 17.49398 0 0.840196   2.43308647170095e-16   1.24048773800781e+42 28.364206  70.9294 0 0  39.000000  39.92198   60.28619  50.86090   76.21484   15.86260   39.24454 0 RT    165.98   87.40   127.65    0.00   54.549    7.089   53.222    6.917 O    0.57020    0.22267    0.29510    0.22492    0.17684
693 U-zvipe_z1_253          34.526733  -4.750314  20.3858  21.7797  20.8908 -22.81   2.03718264541923e+10 0.000000 K  1 -50.540070  1.885544 0.736328 0.0 0.785160 39.20253 16.00238 0 0.865617   9.12821284643386e-17   5.00865915880699e+41 11.452482  57.0529 0 0 -21.000000  15.50439   26.55583  14.05280   23.88458    5.85328   14.57488 0 DN     53.59   29.40    46.20    0.00   37.048    2.068   36.964    2.064 O    0.58204    0.22729    0.12434    0.10211    0.07482
694 U-zvipe_z1_3225         34.234900  -4.730745  21.6699  22.3288  21.7625 -21.70   7.32875966592967e+09 0.000000 K  1 -84.126129  1.310248 0.511668 0.0 0.948390 18.88343 11.87652 0 0.959596   8.57636531902181e-17   6.06915221491166e+41 13.877339  74.1317 0 0  43.000000  73.49805  257.28833  86.00053  300.82062  110.47762  497.28616 0 RT    469.04  299.21   948.08    0.00   40.558   20.279   17.149    8.574 M    0.28411    0.11095    0.54193    0.98173    0.44813
695 U-zvipe_z1_4549         34.792379  -4.883264  19.6606  23.1101  21.4972 -23.72   4.71009766250551e+10 0.000000 K  1  80.495300  3.928081 1.533965 0.0 0.506738 61.62754 21.19790 0 0.823535   1.96140027661641e-17   9.51878850956488e+40  2.176506 135.4712 0 0  85.000000  94.89549  112.75661 112.05044  131.69852   22.72592   48.12300 1 RT+   615.61  312.77   391.79    0.00   94.276   47.138   74.549   37.274 M    0.99675    0.38924    6.20093    5.12250    4.71710
696 U-zvipe_z1_4550         34.791950  -4.829800  20.4711  22.9637  21.7706 -23.00   2.42677874527229e+10 0.000000 K  1 -79.893608  1.935644 0.755893 0.0 0.810108 36.75331 15.46066 0 0.888621   8.18800914261619e-17   4.79298417791457e+41 10.959334  79.9753 0 0  13.000000  58.81163  107.80308  72.92798  132.90747   32.89146   86.59142 0 RT    306.14  168.43   276.72    0.00   32.202    4.341   30.820    4.155 O    0.47972    0.18734    0.60207    0.51846    0.37032
697 U-zvipe_z1_4552         34.803283  -4.896532  20.7615  23.0885  21.9703 -22.86   2.13319435554679e+10 0.000000 K  1 -60.085724  2.004864 0.782925 0.0 0.933245 21.50912 12.34269 0 0.920382   4.83021096487380e-17   3.08343662102246e+41  7.050391  70.1721 0 0 -26.000000  64.65720  193.42113  81.11738  241.26155   82.48698  314.20990 0 RT    575.60  355.52   931.31    0.00   34.987    3.422   33.486    3.275 O    0.49194    0.19211    1.65194    2.33888    1.07739
698 U-zvipe_z1_4553         34.807896  -4.895741  20.7592  23.2912  22.1136 -22.77   1.96349755265671e+10 0.000000 K  1 -11.426613  2.649777 1.034771 0.0 0.789955 38.74157 15.89986 0 0.918762   6.03809573524952e-17   3.83777317936991e+41  8.775209 118.7721 0 0  11.000000 105.89336  182.39880 112.94381  192.93544   44.95305  118.11916 0 RT+   608.37  329.21   525.71    0.00   26.081   11.845   24.598   11.172 O    0.65050    0.25403    0.93536    0.87744    0.69962
700 U-zvipe_z1_4555         34.816096  -4.861986  21.1490  23.3648  22.2641 -22.20   1.16153013834225e+10 0.000000 K  1 -75.634186  1.216197 0.474940 0.0 0.589394 55.53827 19.75741 0 0.890682   1.32864511953046e-16   7.82201424287924e+41 17.885323 101.8929 0 0 -79.000000  87.23222  119.17538  93.63337  127.71210   18.95327   52.50642 0 RT+   184.83   91.89   124.72    0.00   44.358    6.760   39.146    5.966 O    0.30121    0.11763    0.42437    0.29741    0.24896
701 U-zvipe_z1_4556         34.831104  -4.866642  20.9032  23.7475  22.5777 -22.75   1.92765887018452e+10 0.000000 K  1 -36.823074  1.228001 0.479550 0.0 0.393501 69.76492 23.14377 0 0.899330   1.46895198627387e-16   8.85669690455339e+41 20.251162 126.7815 0 1 -34.000000 137.22676  164.74352 158.67482  190.18195   14.37238   55.36500 0 RT    277.92  131.55   161.09    0.00 -999.000 -999.000 -999.000 -999.000 X -999.00000 -999.00000 -999.00000 -999.00000 -999.00000
702 U-zvipe_z1_4557         34.832271  -4.883719  22.2002  23.5694  22.7799 -21.24   4.79766677539756e+09 0.000000 K  1  -7.753571  3.184454 1.243569 0.0 0.913973 24.46531 12.89997 0 0.899871   2.97756642740971e-17   1.79791765894987e+41  4.111005  39.9491 0 0  -1.000000  12.49632   32.11366  14.33713   36.48577   11.75935   38.93421 0 DN    138.26   83.31   186.96    0.00   43.696    2.001   43.676    2.000 O    0.78635    0.30708    0.58406    0.70072    0.37147
703 U-zvipe_z1_4561         34.838837  -4.884937  21.2719  22.6233  21.8443 -22.23   1.19407057096735e+10 0.000000 K  1  82.522049  1.896069 0.740439 0.0 0.713812 45.62509 17.45404 0 0.870447   1.60771581942044e-16   8.94342995285553e+41 20.449480  89.3499 0 0 -78.000000  81.82369  125.55830  89.10273  135.93918   27.06212   69.90460 0 RT+   306.72  159.99   235.68    0.00   47.055   10.134   45.035    9.699 O    0.47281    0.18464    0.57124    0.44605    0.35441
704 U-zvipe_z1_4562         34.850996  -4.889663  20.4937  23.1665  21.8486 -23.19   2.89088221507670e+10 0.000000 K  1  12.653671  3.819003 1.491368 0.0 0.696649 47.07165 17.78608 0 0.917181   3.14815253576933e-17   1.99245396116202e+41  4.555819 151.3857 0 0   9.000000 159.81018  230.00177 177.17134  252.30740   49.12636  125.39526 0 RT+  1146.64  595.42   862.45    0.00   47.813    3.038   45.429    2.886 O    0.93799    0.36630    4.21998    3.12945    2.46372
705 U-zvipe_z1_4563         34.852317  -4.845738  21.5155  22.9585  22.1811 -22.14   1.09908158986893e+10 0.000000 K  1   3.182907  5.354295 2.090919 0.0 0.509030 61.46172 21.15848 0 0.900589   5.94749648316820e-17   3.59829849908560e+41  8.227641  70.9489 0 0  -9.000000 101.57313  119.45698  98.70966  114.86035   15.53956   41.30435 0 RT    731.85  359.93   462.33    0.00   67.156    3.261   67.061    3.256 O    1.32186    0.51620    2.14890    1.41007    1.21477
706 U-zvipe_z1_4564         34.859437  -4.860549  20.1089  23.3285  21.9134 -23.75   4.84206022705032e+10 0.000000 K  1  57.947350  3.248654 1.268640 0.0 0.509156 61.45261 21.15631 0 0.918021   4.21747917143319e-17   2.67527067942152e+41  6.117105 194.6990 0 0  62.000000 209.34016  253.63347 228.65657  274.34152   36.81021   98.78491 0 RT+  1060.58  521.14   670.40    0.00   43.093   10.075   39.979    9.347 O    0.79770    0.31151    3.05246    2.12189    1.86066
709 U-zvipe_z1_4568         34.869571  -4.887391  20.4971  23.9116  22.2261 -23.22   2.97187069298315e+10 0.000000 K  1 -66.100296  2.654445 1.036594 0.0 0.686593 47.90500 17.97808 0 0.920393   3.18706425727883e-17   2.03456939919978e+41  4.652117 227.5384 1 0 -60.000000 131.19612  190.58661 167.21140  240.89821   48.22366  121.27977 0 RT    760.95  397.37   576.96    0.00 -999.000 -999.000 -999.000 -999.000 X -999.00000 -999.00000 -999.00000 -999.00000 -999.00000
711 U-zvipe_z1_4577         34.655721  -4.778992  22.0206  22.5335  22.0909 -20.97   3.74136342042926e+09 0.000000 K  1 -14.433670  1.841973 0.719314 0.0 0.840215 33.60294 14.77611 0 0.845614   4.12157902513122e-17   2.13489049382310e+41  4.881505  42.2683 0 0 -38.000000  20.33359   40.96065  28.35565   56.93661   14.98643   40.77028 0 RT    124.80   69.94   121.13    0.00   38.953    2.034   38.305    2.000 O    0.35108    0.13710    0.55918    0.50448    0.34035
712 U-zvipe_z1_4589         34.614312  -5.042339  20.5786  22.1275  21.1016 -22.78   1.98166598984619e+10 0.000000 K  1 -30.799732  2.098665 0.819555 0.0 0.931705 21.75919 12.38860 0 0.963390   3.32288548117541e-17   2.37451508020366e+41  5.429416  54.7131 0 0 -42.000000  72.19007  221.06268  77.70300  237.82664   80.78880  303.66196 0 RT+   593.95  365.83   943.72    0.00   41.206   20.603   16.931    8.465 M    0.27383    0.10694    1.01190    1.49377    0.82474
714 U-zvipe_z1_4598         34.652538  -5.031977  22.2409  22.6767  22.2244 -21.04   3.99052960481999e+09 0.000000 K  1  45.834030  3.401719 1.328414 0.0 0.429358 67.18438 22.52452 0 0.961226   5.01562447613418e-17   3.56427603427065e+41  8.149848  71.4855 0 0 -87.000000  61.89946   74.24967  69.37403   82.83938    7.06515   25.87112 0 RT    335.34  159.51   199.54    0.00   52.741   26.370   30.125   15.062 M    0.44411    0.17343    0.57710    0.46400    0.43039
715 U-zvipe_z1_4736         34.505767  -4.891007  21.4252  22.4618  21.8155 -21.79   7.96215341922227e+09 0.000000 K  1  71.587158  2.973332 1.161123 0.0 0.396169 69.57190 23.09739 0 0.840183   6.31102945536105e-17   3.21750484838888e+41  7.356943  50.9409 0 0  28.000000   8.66612    9.74543   7.72208    8.59252    2.06945    3.21160 0 DN     30.40   16.60    19.56    0.00   48.033   24.016   43.273   21.637 M    0.88176    0.34434    0.08732    0.07246    0.06803
716 U-zvipe_z1_4737         34.512313  -4.849109  21.8518  22.8140  22.2301 -20.99   3.81092216742115e+09 0.000000 K  1  52.555878  2.319822 0.905919 0.0 0.566918 57.22058 20.15378 0 0.804339   2.08446086580680e-17   9.54557712073996e+40  2.182631  57.1484 0 0  33.000000  72.06058   91.45715 104.01837  130.76752   26.98554   54.04888 0 RT    361.00  189.74   244.27    0.00   14.675    3.365   14.106    3.234 O    0.69788    0.27253    0.92775    0.67050    0.58239
717 U-zvipe_z1_4742         34.565808  -4.819183  21.7646  22.7012  22.0988 -21.27   4.93208275928527e+09 0.000000 K  1 -63.354866  2.970154 1.159882 0.0 0.429265 67.19110 22.52613 0 0.839300   3.75659576662819e-17   1.91024215130394e+41  4.367839  93.0217 0 0 -61.000000 111.91872  131.47481 123.32728  143.76859   12.76769   44.80217 0 RT    508.15  242.17   302.11    0.00   47.827   23.914   24.826   12.413 M    0.56746    0.22160    1.21590    0.97728    0.90729
718 U-zvipe_z1_4743         34.568008  -4.776403  19.3940  21.8653  20.3905 -23.85   5.30921533603389e+10 0.000000 K  1 -64.239601  4.652451 1.816840 0.0 0.518747 60.75715 20.99107 0 0.867606   8.07468228142991e-17   4.45573624207566e+41 10.188204 207.5092 0 0 -76.000000 256.23557  309.91876 291.93134  349.41336   47.69113  127.82094 0 RT+  1934.50  952.31  1231.81    0.00  108.440   54.220   63.580   31.790 M    0.87973    0.34355    5.00938    4.13910    3.77379
719 U-zvipe_z1_4766         34.359933  -5.002593  21.4853  22.5393  21.8576 -21.49   6.03990464159219e+09 0.000000 z' 1 -31.503006  3.180804 0.954241 0.0 0.681579 48.31683 14.66337 0 0.807178   2.23409270709059e-17   1.03198790352626e+41  2.359678  43.5404 0 0 -32.000000  46.71179   67.46782  55.17318   79.03763   13.15353   27.55131 0 RT    299.17  122.14   163.73    0.00   51.632   25.816   36.843   18.422 M    0.58816    0.17645    1.58594    1.17393    1.06871
720 U-zvipe_z1_4767         34.362608  -5.023573  22.1163  22.6322  22.1192 -21.07   4.10232486131627e+09 0.000000 z' 1 -13.599152  1.664362 0.499309 0.0 0.506476 61.64651 17.32930 0 0.860403   1.56316043291078e-16   8.45029635709919e+41 19.321913  78.2804 0 0 -24.000000  34.64624   44.28759  38.95259   49.70119    5.51552   13.05931 0 DN     98.44   37.47    46.72    0.00   79.036   17.542   76.905   17.069 O    0.30149    0.10000    0.35122    0.19066    0.17133
722 U-zvipe_z1_4773         34.400504  -5.022172  21.6871  22.5035  21.9067 -21.28   4.97771980920375e+09 0.000000 z' 1  49.980438  1.658287 0.497486 0.0 0.868584 30.38181 11.07636 0 0.857262   2.26552754818111e-17   1.21373241795207e+41  2.775244  41.2063 0 1  -7.000000  47.42329  105.48067  46.75447  103.80273   24.58894   55.03158 0 RT    204.84   93.18   148.49    0.00 -999.000 -999.000 -999.000 -999.000 X -999.00000 -999.00000 -999.00000 -999.00000 -999.00000
723 U-zvipe_z1_4774         34.403671  -5.010477  21.4953  22.3899  21.7141 -21.89   8.73031536103068e+09 0.000000 z' 1  -4.043251  2.774343 0.832303 0.0 0.725281 44.63995 13.92799 0 0.973279   1.07794388819910e-16   7.89980788064490e+41 18.063200  47.6658 0 0  35.000000  21.77938   33.46394  22.90851   34.91520    6.47932   13.27251 0 RT    115.27   48.39    66.43    0.00   23.696    2.004   23.654    2.000 O    0.66206    0.19862    0.09912    0.05615    0.10000
724 U-zvipe_z1_4776         34.422275  -4.968746  20.5084  22.0382  21.0560 -22.76   1.94549568849800e+10 0.000000 K  4   7.872749  3.275892 1.279277 0.0 0.685825 47.96819 17.99266 0 0.925667   1.71727621523061e-17   1.11185691817796e+41  2.542302  69.7972 0 0   0.000000  55.39462   74.57811  61.76745   83.15789   82.15789  103.58790 2 X   - 324.18    0.00     0.00    0.00 -999.000 -999.000 -999.000 -999.000 X -999.00000 -999.00000 -999.00000 -999.00000 -999.00000
725 U-zvipe_z1_4777         34.425238  -5.052094  21.0620  22.0334  21.3445 -22.16   1.11951551452209e+10 0.000000 K  1  31.643990  3.238675 1.264743 0.0 0.541664 59.08484 20.59451 0 0.915145   9.08517870591703e-17   5.71852488752747e+41 13.075617  94.3580 0 0  39.000000 115.78049  143.74509 131.21614  161.33688   25.77740   62.56526 0 RT+   621.80  312.20   407.22    0.00   41.052    3.584   39.573    3.455 O    0.78554    0.30676    1.03140    0.69717    0.59433
726 U-zvipe_z1_4780         34.433646  -5.073712  21.0394  21.7220  21.1789 -22.21   1.17227583229585e+10 0.000000 K  1 -75.248940  3.107367 1.213466 0.0 0.686132 47.94298 17.98684 0 0.878041   1.41899761873501e-16   8.06452832455645e+41 18.439840 105.5485 0 0 -59.000000 112.75327  161.75366 136.18588  193.48438   38.54830   94.63488 0 RT+   715.46  373.25   532.87    0.00   23.506   25.243   22.659   24.334 O    0.76274    0.29786    0.54432    0.70790    0.66483
727 U-zvipe_z1_4783         34.462696  -5.050731  19.7439  21.1101  20.1918 -23.51   3.88177427115098e+10 0.000000 K  1 -54.445206  1.900549 0.742188 0.0 0.685564 47.98966 17.99761 0 0.872437   2.66464475190133e-16   1.49066092724891e+42 34.084507 220.1345 1 0 -58.000000 104.30047  154.08699 118.43398  173.97888   32.87215   84.68169 0 RT    393.48  203.13   292.20    0.00 -999.000 -999.000 -999.000 -999.000 X -999.00000 -999.00000 -999.00000 -999.00000 -999.00000
728 U-zvipe_z1_4795         34.593562  -5.021369  22.2109  22.6338  22.2613 -20.95   3.67308074507809e+09 0.000000 K  1   9.253571  2.970906 1.160176 0.0 0.587896 55.65110 19.78395 0 0.839488   5.13209231478985e-17   2.61112367879498e+41  5.970430  32.3610 0 0  18.000000  11.59993   15.53464  15.43967   20.58334    3.62648    8.65539 0 DN     72.77   37.10    49.69    0.00   24.093    3.576   23.847    3.540 O    0.40325    0.15747    0.13377    0.09438    0.07936
729 U-zvipe_z1_4854         34.268433  -4.828694  21.9084  22.6337  22.1080 -21.16   4.45687147760308e+09 0.000000 K  2   7.455940  2.775067 1.665040 0.5 0.724558 44.70255 17.24316 0 0.869958   7.70501911636264e-17   4.28022006392509e+41  9.786880  81.5642 0 0   1.000000  56.81251   87.12444  61.34100   93.30080   19.03780   49.06792 0 RT    308.11  232.36   292.54    0.00   55.752    3.756   54.604    3.679 O    0.61844    0.37106    0.94738    0.94107    0.82143
730 U-zvipe_z1_4857         34.283667  -4.823649  21.4180  22.4902  21.7026 -21.77   7.81682444348696e+09 0.000000 K  2  78.497864  3.727098 2.236259 0.5 0.735333 43.76334 17.02921 0 0.895037   8.03946848649890e-17   4.79030526755061e+41 10.953209  78.4155 0 0  81.000000  73.56403  112.84323  82.58752  125.41618   27.55190   67.45065 0 RT+   556.25  422.95   533.36    0.00   66.454   33.227   53.035   26.518 M    0.82365    0.49419    1.29510    1.44498    1.29760
731 U-zvipe_z1_4886         34.198508  -4.793580  21.3589  22.5922  21.8076 -21.54   6.32456324839440e+09 0.000000 K  2 -67.356773  2.626041 1.575625 0.5 0.928710 22.23791 12.47715 0 0.800974   2.26120539316085e-17   1.02487252354165e+41  2.343409  57.8470 0 0 -69.000000  55.43914  157.75163  59.92642  169.08949   56.75780  208.37984 0 RT    528.40  432.31   861.87    0.00   34.086   17.043   24.630   12.315 M    0.60098    0.36059    2.09961    3.30268    2.17010
732 U-zvipe_z1_4958         34.188342  -4.985447  20.9375  22.5868  21.5971 -21.98   9.48483965518351e+09 0.000000 K  1 -25.820419  1.747456 0.682404 0.0 0.528692 60.03340 20.81931 0 0.802184   5.97155251706111e-17   2.71662319230952e+41  6.211658 129.0173 0 0 -29.000000 120.25613  149.57333 132.52982  163.46864   23.49042   62.35502 0 RT+   339.93  168.32   220.82    0.00   42.251    5.866   39.883    5.537 O    0.59598    0.23274    1.37587    0.93689    0.80088
733 U-zvipe_z1_4959         34.199733  -4.968167  21.0223  22.1027  21.4672 -21.98   9.48483965518351e+09 0.000000 K  1  80.654449  1.095392 0.427764 0.0 0.740182 43.33575 16.93207 0 0.802144   8.02524503555540e-17   3.65046656854692e+41  8.346926 106.0406 0 0  77.000000  87.37548  141.15059  99.99496  160.87459   33.79225   87.82872 0 RT+   209.70  110.65   167.50    0.00   35.650   14.148   33.305   13.218 O    0.37360    0.14589    0.74949    0.65101    0.53025
734 U-zvipe_z1_4960         34.208550  -5.022291  21.8685  22.5288  22.0172 -21.16   4.45687147760308e+09 0.000000 K  2 -63.602768  4.376145 2.625687 0.5 0.624083 52.88920 19.13610 0 0.835278   5.37077743321938e-17   2.69893607146372e+41  6.171216  70.2324 0 0 -55.000000  62.31857   80.12614  69.78274   88.84288   21.39858   38.72428 0 RT    462.66  355.96   408.30    0.00   44.893   22.447   41.926   20.963 M    1.47271    0.88362    1.17045    1.25276    1.17839
735 U-zvipe_z1_5083         34.252142  -5.016543  20.8498  21.6754  21.0876 -22.53   1.57409324212677e+10 0.000000 K  1  71.233643  4.716829 1.841981 0.0 0.452507 65.52603 22.12757 0 0.988869   8.67380887099240e-17   6.61134319902902e+41 15.117079  96.1258 0 1  61.000000 110.09059  124.56284 105.36398  117.98417   16.35857   38.59836 0 RT    662.25  326.58   401.47    0.00 -999.000 -999.000 -999.000 -999.000 X -999.00000 -999.00000 -999.00000 -999.00000 -999.00000
736 U-zvipe_z1_5085         34.279550  -5.009954  20.4523  21.3833  20.8587 -22.46   1.47580783997308e+10 0.000000 z' 1  65.692627  7.567106 2.270132 0.0 0.487121 63.04253 17.60851 0 0.894654   2.27060377541785e-17   1.35151103551854e+41  3.090280  68.3577 0 1 -48.000000  24.91651   28.20010  20.26275   22.80761    3.64673    6.90550 1 DN    205.38   83.08   104.17    0.00 -999.000 -999.000 -999.000 -999.000 X -999.00000 -999.00000 -999.00000 -999.00000 -999.00000
737 U-zvipe_z1_5086         34.285354  -4.974764  21.5414  22.6231  21.8830 -21.57   6.50174679058067e+09 0.000000 K  2  29.237549  0.861482 0.516889 0.5 0.919892 23.59428 12.73260 0 0.896876   4.98189584595924e-17   2.98352949918602e+41  6.821949  51.4544 0 0 -75.000000  17.02041   48.06097  16.03816   45.23624   14.80742   50.88818 0 RT     46.37   37.72    70.36    0.00   43.253    2.863   41.783    2.766 O    0.28370    0.17022    0.27550    0.38722    0.24904
738 U-zvipe_z1_5094         34.317654  -5.035242  21.1825  22.5940  21.7300 -21.79   7.96215341922227e+09 0.000000 z' 1 -13.198082  2.195370 0.658611 0.0 0.667781 49.43834 14.88767 0 0.822819   5.65895806050730e-17   2.74044657106765e+41  6.266131  95.7465 0 0   1.000000  93.54200  136.02859 119.68648  173.23871   28.18334   59.15088 0 RT    452.58  183.80   244.79    0.00   71.848   35.924   28.413   14.206 M    0.40336    0.12101    1.13835    0.83882    0.76606
739 U-zvipe_z1_5095         34.325421  -5.040859  20.4941  21.5948  20.7918 -22.66   1.77431252999641e+10 0.000000 K  1 -65.995773  2.009954 0.784912 0.0 0.919113 23.71071 12.75483 0 0.922664   1.13593602071362e-16   7.29587630432167e+41 16.682289 109.9371 0 0 -29.000000 106.42381  295.80582 131.17665  363.57724  117.76756  405.72079 0 RT    869.62  525.05  1223.47    0.00   33.236    9.294   27.709    7.748 O    0.35676    0.13932    1.11469    1.41980    0.77390
740 U-zvipe_z1_5096         34.327379  -5.044373  19.5409  20.7419  20.0397 -23.52   3.91769271267577e+10 0.000000 K  1  34.598450  1.791323 0.699534 0.0 0.774411 40.22037 16.22964 0 0.822302   1.85696654646837e-16   8.97876654709940e+41 20.530279 214.9497 1 0 -12.000000  60.56253  104.82770  65.92329  113.78451   25.70114   66.95369 0 RT    242.55  130.21   203.84    0.00 -999.000 -999.000 -999.000 -999.000 X -999.00000 -999.00000 -999.00000 -999.00000 -999.00000
741 U-zvipe_z1_5100         34.338471  -4.987074  21.3578  22.8120  21.8322 -22.07   1.03045742982096e+10 0.000000 K  1  44.410431  3.393651 1.325263 0.0 0.572743 56.78684 20.05146 0 0.958943   4.85850878164826e-17   3.43240120849889e+41  7.848311  57.3892 0 0  53.000000  79.47977  103.16341 101.75369  131.11685   20.67963   52.69925 0 RT+   529.51  265.38   353.11    0.00   43.651   21.825   21.816   10.908 M    0.59622    0.23283    0.67886    0.57220    0.51422
742 U-zvipe_z1_5101         34.341433  -5.063681  21.3032  21.9751  21.4786 -21.60   6.68390589682086e+09 0.000000 K  1 -66.457146  5.703400 2.227249 0.0 0.396948 69.51566 23.08388 0 0.804250   1.01484356406489e-16   4.64610879398114e+41 10.623498  75.9840 0 0  -8.000000  74.78803   83.12564  70.83541   77.87764    8.76337   23.14941 0 RT    528.56  255.62   308.69    0.00   53.089   26.544   46.715   23.358 M    1.05591    0.41235    0.86881    0.69356    0.65106
743 U-zvipe_z1_6564         34.872433  -4.869362  21.4916  22.8050  22.0261 -22.16   1.11951551452209e+10 0.000000 K  1 -85.930092  1.312175 0.512421 0.0 0.970638 14.21177 11.13379 0 0.960991   3.93613372824200e-17   2.79546246338172e+41  6.391927  53.3695 0 0 -89.000000  41.91395  192.30856  56.27740  257.78992  110.15818  920.88989 0 RT    402.54  277.29  1721.37    0.00   46.853    2.000   21.457   10.728 M    0.31830    0.12430    1.01156    3.69044    0.86517
